{
  "kind": "collectionType",
  "collectionName": "tags",
  "info": {
    "singularName": "tag",
    "pluralName": "tags",
    "displayName": "tag",
    "description": ""
  },
  "options": {
    "draftAndPublish": true
  },
  "pluginOptions": {},
  "attributes": {
    "title": {
      "type": "string"
    },
    "slug": {
      "type": "uid",
      "targetField": "title"
    },
    "blogs": {
      "type": "relation",
      "relation": "manyToMany",
      "target": "api::blog.blog",
      "mappedBy": "tags"
    },
    "seo": {
      "type": "component",
      "repeatable": false,
      "component": "shared.seo"
    },
    "schema": {
      "type": "json"
    },
    "glossaries": {
      "type": "relation",
      "relation": "manyToMany",
      "target": "api::glossary.glossary",
      "mappedBy": "tags"
    }
  }
}
