{
  "collectionName": "components_newsroom_brands",
  "info": {
    "displayName": "brands"
  },
  "options": {},
  "attributes": {
    "title1": {
      "type": "string"
    },
    "title2": {
      "type": "string"
    },
    "title_icon": {
      "type": "string"
    },
    "brands1": {
      "type": "relation",
      "relation": "oneToMany",
      "target": "api::logo.logo"
    },
    "brands2": {
      "type": "relation",
      "relation": "oneToMany",
      "target": "api::logo.logo"
    },
    "brands3": {
      "type": "relation",
      "relation": "oneToMany",
      "target": "api::logo.logo"
    },
    "brands_button": {
      "type": "component",
      "repeatable": false,
      "component": "common.button"
    }
  }
}
