{
  "collectionName": "components_newsroom_media_cards",
  "info": {
    "displayName": "media card",
    "description": ""
  },
  "options": {},
  "attributes": {
    "publisher_name": {
      "type": "string"
    },
    "date": {
      "type": "date"
    },
    "description": {
      "type": "customField",
      "options": {
        "preset": "toolbar"
      },
      "customField": "plugin::ckeditor5.CKEditor"
    },
    "image": {
      "type": "media",
      "multiple": false,
      "required": false,
      "allowedTypes": ["images"]
    },
    "media_card_button": {
      "type": "component",
      "repeatable": false,
      "component": "common.button"
    }
  }
}
