{
  "kind": "collectionType",
  "collectionName": "glossaries",
  "info": {
    "singularName": "glossary",
    "pluralName": "glossaries",
    "displayName": "Glossary",
    "description": ""
  },
  "options": {
    "draftAndPublish": true
  },
  "pluginOptions": {},
  "attributes": {
    "title": {
      "type": "string"
    },
    "slug": {
      "type": "uid",
      "targetField": "title"
    },
    "excerpt": {
      "type": "text"
    },
    "editors": {
      "type": "dynamiczone",
      "components": [
        "glossary.dark-editor",
        "glossary.light-editor"
      ]
    },
    "reference": {
      "displayName": "reference",
      "type": "component",
      "repeatable": true,
      "component": "glossary.reference"
    },
    "author": {
      "type": "relation",
      "relation": "manyToOne",
      "target": "api::author.author",
      "inversedBy": "glossaries"
    },
    "tags": {
      "type": "relation",
      "relation": "manyToMany",
      "target": "api::tag.tag",
      "inversedBy": "glossaries"
    },
    "ctas": {
      "type": "relation",
      "relation": "manyToMany",
      "target": "api::cta.cta",
      "inversedBy": "glossaries"
    },
    "glossary_comments": {
      "type": "relation",
      "relation": "oneToMany",
      "target": "api::glossary-comment.glossary-comment",
      "mappedBy": "glossary"
    },
    "seo": {
      "type": "component",
      "repeatable": false,
      "component": "shared.seo"
    }
  }
}
