{
  "kind": "singleType",
  "collectionName": "onboardings",
  "info": {
    "singularName": "onboarding",
    "pluralName": "onboardings",
    "displayName": "Onboarding",
    "description": ""
  },
  "options": {
    "draftAndPublish": true
  },
  "pluginOptions": {},
  "attributes": {
    "screen1": {
      "displayName": "Screen1",
      "type": "component",
      "repeatable": false,
      "component": "onboarding.screen1"
    },
    "screen2": {
      "displayName": "Screen2",
      "type": "component",
      "repeatable": false,
      "component": "onboarding.screen2"
    },
    "left_shade": {
      "type": "media",
      "multiple": false,
      "required": false,
      "allowedTypes": [
        "images"
      ]
    },
    "top_shade": {
      "type": "media",
      "multiple": false,
      "required": false,
      "allowedTypes": [
        "images"
      ]
    },
    "mobile_shade": {
      "type": "media",
      "multiple": false,
      "required": false,
      "allowedTypes": [
        "images"
      ]
    }
  }
}
