{
  "kind": "singleType",
  "collectionName": "journal_landing",
  "info": {
    "singularName": "journal-landing",
    "pluralName": "journal-landings",
    "displayName": "Journal Landing",
    "description": "Landing page for journals"
  },
  "options": {
    "draftAndPublish": true
  },
  "pluginOptions": {},
  "attributes": {
    "title": {
      "type": "string",
      "required": true
    },
    "seo": {
      "type": "component",
      "repeatable": false,
      "component": "shared.seo"
    },
    "hero_section": {
      "type": "component",
      "repeatable": false,
      "component": "case-study.hero-section"
    },
    "brands_section": {
      "type": "component",
      "repeatable": false,
      "component": "case-study.brands"
    },
    "details_section": {
      "type": "component",
      "repeatable": false,
      "component": "case-study.aferr-details-section"
    },
    "details_section_2": {
      "type": "component",
      "repeatable": false,
      "component": "case-study.aferr-details-section-2"
    },
    "case_studies_section": {
      "type": "component",
      "repeatable": false,
      "component": "case-study.aferr-case-studies-section"
    },
    "video_carousel_section": {
      "type": "component",
      "repeatable": false,
      "component": "case-study.aferr-video-carousel"
    },
    "stats_section": {
      "type": "component",
      "repeatable": false,
      "component": "case-study.aferr-stats-section"
    },
    "final_cta_section": {
      "type": "component",
      "repeatable": false,
      "component": "case-study.aferr-final-cta"
    }
  }
}