{
    "collectionName": "components_live_session_adventure_sections",
    "info": {
        "displayName": "adventure_section",
        "icon": "arrowRight"
    },
    "options": {},
    "attributes": {
        "title": {
            "type": "text"
        },
        "description": {
            "type": "customField",
            "options": {
                "preset": "toolbar"
            },
            "customField": "plugin::ckeditor5.CKEditor"
        },
        "image": {
            "allowedTypes": [
                "images"
            ],
            "type": "media",
            "multiple": false,
            "required": true
        },
        "adventure_cards": {
            "displayName": "adventure-cards",
            "type": "component",
            "repeatable": true,
            "component": "live-session.live-card"
        }
    }
}