{
    "collectionName": "components_live_session_form",
    "info": {
      "displayName": "live session form"
    },
    "options": {},
    "attributes": {
    "title": {
        "type": "string"
      },
      "form": {
        "type": "customField",
        "options": {
          "preset": "toolbar"
        },
        "customField": "plugin::ckeditor5.CKEditor"
      },
      "form_onload": {
        "type": "string"
      },
      "form_onsubmit": {
        "type": "string"
      }
    }
  }
  