{
  "collectionName": "components_live_session_live_cards",
  "info": {
    "displayName": "live_card",
    "icon": "arrowRight"
  },
  "options": {},
  "attributes": {
    "title": {
      "type": "text"
    },
    "description": {
      "type": "customField",
      "options": {
        "preset": "toolbar"
      },
      "customField": "plugin::ckeditor5.CKEditor"
    },
    "icon": {
      "allowedTypes": [
        "images"
      ],
      "type": "media",
      "multiple": false,
      "required": true
    }
  }
}
