{
  "collectionName": "components_new_pricing_get_in_touches",
  "info": {
    "displayName": "get in touch"
  },
  "options": {},
  "attributes": {
    "title": {
      "type": "string"
    },
    "description": {
      "type": "customField",
      "options": {
        "preset": "toolbar"
      },
      "customField": "plugin::ckeditor5.CKEditor"
    },
    "get_in_touch_button": {
      "type": "component",
      "repeatable": false,
      "component": "common.button"
    },
    "image": {
      "allowedTypes": [
        "images"
      ],
      "type": "media",
      "multiple": false
    }
  }
}
