{
  "collectionName": "components_new_pricing_new_pricing_cards",
  "info": {
    "displayName": "new pricing card",
    "description": ""
  },
  "options": {},
  "attributes": {
    "title": {
      "type": "string"
    },
    "list": {
      "displayName": "list",
      "type": "component",
      "repeatable": true,
      "component": "new-pricing.list"
    },
    "new_pricing_card_button": {
      "type": "component",
      "repeatable": false,
      "component": "common.button"
    },
    "most_popular": {
      "type": "boolean",
      "default": false
    },
    "tag_line": {
      "type": "string"
    },
    "price_and_credits": {
      "type": "string"
    }
  }
}
