{
  "kind": "singleType",
  "collectionName": "abouts",
  "info": {
    "singularName": "about",
    "pluralName": "abouts",
    "displayName": "About",
    "description": ""
  },
  "options": {
    "draftAndPublish": true
  },
  "pluginOptions": {},
  "attributes": {
    "banner": {
      "type": "component",
      "repeatable": false,
      "component": "common.banner"
    },
    "second_section": {
      "type": "component",
      "repeatable": false,
      "component": "about.second-section"
    },
    "third_section": {
      "type": "component",
      "repeatable": true,
      "component": "about.third-section"
    },
    "history_section": {
      "type": "component",
      "repeatable": false,
      "component": "about.history-section"
    },
    "member_section": {
      "type": "component",
      "repeatable": false,
      "component": "about.members-section"
    },
    "bottom_section": {
      "type": "component",
      "repeatable": false,
      "component": "about.bottom-section"
    },
    "seo": {
      "type": "component",
      "repeatable": false,
      "component": "shared.seo"
    },
    "vision_and_mission": {
      "displayName": "vision and mission",
      "type": "component",
      "repeatable": false,
      "component": "about.vision-and-mission"
    },
    "about_description": {
      "type": "customField",
      "customField": "plugin::ckeditor5.CKEditor",
      "options": {
        "preset": "standard"
      }
    },
    "schema": {
      "type": "json"
    }
  }
}