{
  "kind": "singleType",
  "collectionName": "commons",
  "info": {
    "singularName": "common",
    "pluralName": "commons",
    "displayName": "Common",
    "description": ""
  },
  "options": {
    "draftAndPublish": true
  },
  "pluginOptions": {},
  "attributes": {
    "logo": {
      "type": "media",
      "multiple": false,
      "required": false,
      "allowedTypes": [
        "images"
      ]
    },
    "favIcon": {
      "type": "media",
      "multiple": false,
      "required": false,
      "allowedTypes": [
        "images",
        "files",
        "videos",
        "audios"
      ]
    },
    "social_media": {
      "displayName": "Social media",
      "type": "component",
      "repeatable": true,
      "component": "common.social-media"
    },
    "download_app": {
      "displayName": "Download app",
      "type": "component",
      "repeatable": false,
      "component": "common.download-app"
    },
    "footer": {
      "displayName": "footer",
      "type": "component",
      "repeatable": false,
      "component": "common.footer"
    },
    "top_sticky_stripe": {
      "displayName": "Top Sticky Stripe",
      "type": "component",
      "repeatable": false,
      "component": "common.top-sticky-stripe"
    }
  }
}
