{
  "collectionName": "components_newsroom_awards",
  "info": {
    "displayName": "award",
    "description": ""
  },
  "options": {},
  "attributes": {
    "title": {
      "type": "string"
    },
    "name": {
      "type": "string"
    },
    "description": {
    "type": "customField",
  "customField": "plugin::ckeditor5.CKEditor",
  "options": {
    "preset": "standard"
  }
    },
    "award_button": {
      "type": "component",
      "repeatable": false,
      "component": "common.button"
    },
    "image": {
      "type": "media",
      "multiple": false,
      "required": false,
      "allowedTypes": ["images"]
    }
  }
}
