{
  "collectionName": "components_newsroom_feature_data",
  "info": {
    "displayName": "feature data"
  },
  "options": {},
  "attributes": {
    "title": {
      "type": "string"
    },
    "description": {
    "type": "customField",
  "customField": "plugin::ckeditor5.CKEditor",
  "options": {
    "preset": "standard"
  }
    },
    "publisher_name": {
      "type": "string"
    },
    "date": {
      "type": "date"
    },
    "feature_button": {
      "type": "component",
      "repeatable": false,
      "component": "common.button"
    },
    "image": {
      "allowedTypes": ["images"],
      "type": "media",
      "multiple": false
    }
  }
}
