{
  "collectionName": "components_newsroom_media_cards",
  "info": {
    "displayName": "media card",
    "description": ""
  },
  "options": {},
  "attributes": {
    "publisher_name": {
      "type": "string"
    },
    "date": {
      "type": "date"
    },
    "description": {
    "type": "customField",
  "customField": "plugin::ckeditor5.CKEditor",
  "options": {
    "preset": "standard"
  }
    },
    "image": {
      "type": "media",
      "multiple": false,
      "required": false,
      "allowedTypes": ["images"]
    },
    "media_card_button": {
      "type": "component",
      "repeatable": false,
      "component": "common.button"
    }
  }
}
