{
  "collectionName": "components_newsroom_section1s",
  "info": {
    "displayName": "Section1"
  },
  "options": {},
  "attributes": {
    "title": {
      "type": "string"
    },
    "feature_data": {
      "displayName": "feature data",
      "type": "component",
      "repeatable": false,
      "component": "newsroom.feature-data"
    },
    "data": {
      "displayName": "media card",
      "type": "component",
      "repeatable": true,
      "component": "newsroom.media-card"
    }
  }
}
