{
  "kind": "singleType",
  "collectionName": "why_evivves",
  "info": {
    "singularName": "why-evivve",
    "pluralName": "why-evivves",
    "displayName": "Why Evivve"
  },
  "options": {
    "draftAndPublish": true
  },
  "pluginOptions": {},
  "attributes": {
    "top_section": {
      "displayName": "Top section",
      "type": "component",
      "repeatable": false,
      "component": "home.top-section"
    },
    "brand_section": {
      "type": "component",
      "repeatable": false,
      "component": "home.brand"
    },
    "how_it_works_title": {
      "type": "component",
      "repeatable": false,
      "component": "home.how-it-works"
    },
    "how_it_works_steps": {
      "type": "component",
      "repeatable": true,
      "component": "home.how-it-works-step"
    },
    "testimonial_section": {
      "displayName": "Testimonial",
      "type": "component",
      "repeatable": false,
      "component": "home.testimonial"
    },
    "earning": {
      "displayName": "Earning",
      "type": "component",
      "repeatable": false,
      "component": "home.earning"
    },
    "community": {
      "displayName": "Community",
      "type": "component",
      "repeatable": false,
      "component": "home.community"
    },
    "seo": {
      "type": "component",
      "repeatable": false,
      "component": "shared.seo"
    },
    "schema": {
      "type": "json"
    }
  }
}
