{
  "kind": "singleType",
  "collectionName": "new_pricings",
  "info": {
    "singularName": "new-pricing",
    "pluralName": "new-pricings",
    "displayName": "New Pricing",
    "description": ""
  },
  "options": {
    "draftAndPublish": true
  },
  "pluginOptions": {},
  "attributes": {
    "title": {
      "type": "string"
    },
    "recommended": {
      "displayName": "new pricing card",
      "type": "component",
      "repeatable": false,
      "component": "new-pricing.new-pricing-card"
    },
    "reports_title": {
      "type": "string"
    },
    "pricing_cards": {
      "type": "component",
      "repeatable": true,
      "component": "new-pricing.new-pricing-card"
    },
    "credits_title": {
      "type": "string"
    },
    "credits_description": {
      "type": "customField",
      "options": {
        "preset": "standard"
      },
      "customField": "plugin::ckeditor5.CKEditor"
    },
    "credits": {
      "displayName": "credits",
      "type": "component",
      "repeatable": true,
      "component": "new-pricing.credits"
    },
    "credits_button": {
      "type": "component",
      "repeatable": false,
      "component": "common.button"
    },
    "how_credits_work": {
      "displayName": "how credits work",
      "type": "component",
      "repeatable": false,
      "component": "new-pricing.how-credits-work"
    },
    "faq_title": {
      "type": "string"
    },
    "faq": {
      "displayName": "faq",
      "type": "component",
      "repeatable": true,
      "component": "new-pricing.faq"
    },
    "get_in_touch": {
      "displayName": "get in touch",
      "type": "component",
      "repeatable": false,
      "component": "new-pricing.get-in-touch"
    },
    "testimonial_section": {
      "type": "component",
      "repeatable": false,
      "component": "home.testimonial"
    },
    "brand_section": {
      "type": "component",
      "repeatable": false,
      "component": "home.brand"
    },
    "seo": {
      "type": "component",
      "repeatable": false,
      "component": "shared.seo"
    },
    "schema": {
      "type": "json"
    },
    "credits_header": {
      "displayName": "credits header",
      "type": "component",
      "repeatable": true,
      "component": "new-pricing.credits-header",
      "max": 3
    }
  }
}
