{
  "kind": "singleType",
  "collectionName": "games",
  "info": {
    "singularName": "game",
    "pluralName": "games",
    "displayName": "Game",
    "description": ""
  },
  "options": {
    "draftAndPublish": true
  },
  "pluginOptions": {},
  "attributes": {
    "banner_section": {
      "displayName": "Banner",
      "type": "component",
      "repeatable": false,
      "component": "game.banner"
    },
    "play_section": {
      "displayName": "Play Category",
      "type": "component",
      "repeatable": true,
      "component": "game.play-category"
    },
    "what_faciliators_love_section": {
      "displayName": "Facilitators love about Evivve",
      "type": "component",
      "repeatable": false,
      "component": "game.facilitators-love-about-evivve"
    },
    "testimonial_section": {
      "displayName": "Testimonial",
      "type": "component",
      "repeatable": false,
      "component": "game.testimonial"
    },
    "brand_section": {
      "displayName": "Brand Section",
      "type": "component",
      "repeatable": false,
      "component": "game.brand-section"
    },
    "download_app_section": {
      "type": "component",
      "repeatable": false,
      "component": "common.app-download"
    },
    "seo": {
      "type": "component",
      "repeatable": false,
      "component": "shared.seo"
    },
    "schema": {
      "type": "json"
    }
  }
}
