{
  "kind": "singleType",
  "collectionName": "glossary_pages",
  "info": {
    "singularName": "glossary-page",
    "pluralName": "glossary-pages",
    "displayName": "Glossary Page",
    "description": ""
  },
  "options": {
    "draftAndPublish": true
  },
  "pluginOptions": {},
  "attributes": {
    "title": {
      "type": "string"
    },
    "icon": {
      "type": "media",
      "multiple": false,
      "required": false,
      "allowedTypes": [
        "images"
      ]
    },
    "description": {
      "type": "customField",
      "options": {
        "preset": "toolbar"
      },
      "customField": "plugin::ckeditor5.CKEditor"
    },
    "ctas": {
      "type": "relation",
      "relation": "oneToMany",
      "target": "api::cta.cta"
    },
    "seo": {
      "type": "component",
      "repeatable": false,
      "component": "shared.seo"
    }
  }
}
