{
  "collectionName": "components_masterclass_aferr_heroes",
  "info": {
    "displayName": "Aferr Hero",
    "description": "Hero section for Aferr Master landing page"
  },
  "options": {},
  "attributes": {
    "title": {
      "type": "string",
      "required": true
    },
    "subtitle": {
      "type": "string"
    },
    "description": {
      "type": "customField",
      "options": {
        "preset": "toolbar"
      },
      "customField": "plugin::ckeditor5.CKEditor"
    },
    "hero_image": {
      "allowedTypes": [
        "images"
      ],
      "type": "media",
      "multiple": false
    },
    "cta_button": {
      "type": "component",
      "repeatable": false,
      "component": "common.button"
    },
    "secondary_button": {
      "type": "component",
      "repeatable": false,
      "component": "common.button"
    },
    "hero_video": {
      "type": "string"
    },
    "hero_stats": {
      "type": "component",
      "repeatable": true,
      "component": "masterclass.count"
    }
  }
}
