{
  "collectionName": "components_masterclass_brands",
  "info": {
    "displayName": "brands",
    "description": ""
  },
  "options": {},
  "attributes": {
    "title1": {
      "type": "string"
    },
    "brands1": {
      "type": "relation",
      "relation": "oneToMany",
      "target": "api::logo.logo"
    },
    "brands2": {
      "type": "relation",
      "relation": "oneToMany",
      "target": "api::logo.logo"
    },
    "brands3": {
      "type": "relation",
      "relation": "oneToMany",
      "target": "api::logo.logo"
    },
    "title2": {
      "type": "string"
    },
    "title_icon": {
      "type": "string"
    }
  }
}
