{
  "collectionName": "components_masterclass_certifications",
  "info": {
    "displayName": "certifications"
  },
  "options": {},
  "attributes": {
    "title": {
      "type": "customField",
      "options": {
        "preset": "toolbar"
      },
      "customField": "plugin::ckeditor5.CKEditor"
    },
    "display": {
      "type": "boolean"
    },
    "cards": {
      "displayName": "certifications_card",
      "type": "component",
      "repeatable": true,
      "component": "masterclass.certifications-card"
    }
  }
}
