{
  "collectionName": "components_masterclass_consults",
  "info": {
    "displayName": "consult",
    "icon": "check"
  },
  "options": {},
  "attributes": {
    "title": {
      "type": "string"
    },
    "display": {
      "type": "boolean"
    },
    "default_images": {
      "allowedTypes": [
        "images"
      ],
      "type": "media",
      "multiple": true
    },
    "active_images": {
      "allowedTypes": [
        "images"
      ],
      "type": "media",
      "multiple": true
    },
    "cards": {
      "type": "component",
      "repeatable": true,
      "component": "masterclass.consult-cards"
    }
  }
}
