{
  "collectionName": "components_masterclass_experts_lists",
  "info": {
    "displayName": "experts list",
    "description": ""
  },
  "options": {},
  "attributes": {
    "name": {
      "type": "string"
    },
    "designation": {
      "type": "string"
    },
    "image": {
      "type": "media",
      "multiple": false,
      "required": false,
      "allowedTypes": [
        "images"
      ]
    },
    "description": {
      "type": "text"
    },
    "linkedin_url": {
      "type": "string"
    }
  }
}
