{
  "collectionName": "components_masterclass_get_certified_nows",
  "info": {
    "displayName": "get certified now",
    "description": ""
  },
  "options": {},
  "attributes": {
    "title": {
      "type": "string"
    },
    "display": {
      "type": "boolean"
    },
    "list": {
      "type": "customField",
      "options": {
        "preset": "toolbar"
      },
      "customField": "plugin::ckeditor5.CKEditor"
    },
    "image": {
      "type": "media",
      "multiple": false,
      "required": false,
      "allowedTypes": [
        "images"
      ]
    },
    "get_certified_now_button": {
      "type": "component",
      "repeatable": false,
      "component": "common.button"
    },
    "button_type": {
      "type": "enumeration",
      "enum": [
        "link",
        "popup"
      ],
      "default": "link"
    }
  }
}
