{
  "collectionName": "components_masterclass_joins",
  "info": {
    "displayName": "join"
  },
  "options": {},
  "attributes": {
    "title": {
      "type": "string"
    },
    "image": {
      "allowedTypes": [
        "images"
      ],
      "type": "media",
      "multiple": false
    },
    "what_you_can_expect_title": {
      "type": "string"
    },
    "what_you_can_expect_list": {
      "displayName": "what you can expect list",
      "type": "component",
      "repeatable": true,
      "component": "masterclass.what-you-can-expect-list"
    },
    "time_and_date": {
      "displayName": "when and where",
      "type": "component",
      "repeatable": false,
      "component": "masterclass.when-and-where"
    }
  }
}
