{
  "collectionName": "components_masterclass_new_register_s",
  "info": {
    "displayName": "new register "
  },
  "options": {},
  "attributes": {
    "form": {
      "type": "customField",
      "options": {
        "preset": "toolbar"
      },
      "customField": "plugin::ckeditor5.CKEditor"
    },
    "form_onload": {
      "type": "string"
    },
    "form_onsubmit": {
      "type": "string"
    },
    "title": {
      "type": "string"
    },
    "image": {
      "allowedTypes": [
        "images"
      ],
      "type": "media",
      "multiple": false
    },
    "quote": {
      "type": "text"
    },
    "company_image": {
      "allowedTypes": [
        "images"
      ],
      "type": "media",
      "multiple": false
    },
    "name": {
      "type": "string"
    },
    "designation": {
      "type": "string"
    },
    "brands_title": {
      "type": "string"
    },
    "brands": {
      "type": "relation",
      "relation": "oneToMany",
      "target": "api::logo.logo"
    }
  }
}
