{
  "collectionName": "components_masterclass_registers",
  "info": {
    "displayName": "register",
    "description": ""
  },
  "options": {},
  "attributes": {
    "title": {
      "type": "string"
    },
    "register_button": {
      "type": "component",
      "repeatable": false,
      "component": "common.button"
    },
    "zoho_form_type": {
      "type": "enumeration",
      "enum": ["button", "form"],
      "default": "button"
    },
    "register_form": {
      "type": "customField",
      "options": {
        "preset": "toolbar"
      },
      "customField": "plugin::ckeditor5.CKEditor"
    },
    "form_onload": {
      "type": "string"
    },
    "form_onsubmit": {
      "type": "string"
    }
  }
}
