{
  "collectionName": "components_masterclass_screen3s",
  "info": {
    "displayName": "screen3",
    "description": ""
  },
  "options": {},
  "attributes": {
    "title": {
      "type": "customField",
      "options": {
        "preset": "toolbar"
      },
      "customField": "plugin::ckeditor5.CKEditor"
    },
    "date": {
      "type": "date"
    },
    "button_text": {
      "type": "string"
    },
    "video": {
      "type": "media",
      "multiple": false,
      "required": false,
      "allowedTypes": [
        "videos"
      ]
    },
    "time": {
      "type": "string"
    },
    "video_thumbnail": {
      "allowedTypes": [
        "images"
      ],
      "type": "media",
      "multiple": false
    }
  }
}
