{
  "collectionName": "components_masterclass_template_4_agenda",
  "info": {
    "displayName": "template 4 agenda",
    "description": ""
  },
  "options": {},
  "attributes": {
    "title": {
      "type": "string"
    },
    "description": {
      "type": "customField",
      "options": {
        "preset": "toolbar"
      },
      "customField": "plugin::ckeditor5.CKEditor"
    },
    "image": {
      "type": "media",
      "multiple": false,
      "required": false,
      "allowedTypes": [
        "images"
      ]
    },
    "upcoming_programs_title": {
      "type": "string"
    },
    "upcoming_programs": {
      "displayName": "upcoming program",
      "type": "component",
      "repeatable": true,
      "component": "masterclass.upcoming-program"
    }
  }
}
