{
  "collectionName": "components_masterclass_t_2_animations",
  "info": {
    "displayName": "t-2-animations",
    "description": ""
  },
  "options": {},
  "attributes": {
    "bg_img_1": {
      "type": "media",
      "multiple": false,
      "required": false,
      "allowedTypes": [
        "images"
      ]
    },
    "bg_img_2": {
      "type": "media",
      "multiple": false,
      "required": false,
      "allowedTypes": [
        "images"
      ]
    },
    "evivve_logo": {
      "type": "media",
      "multiple": false,
      "required": false,
      "allowedTypes": [
        "images"
      ]
    },
    "fav_logo": {
      "type": "media",
      "multiple": false,
      "required": false,
      "allowedTypes": [
        "images"
      ]
    },
    "e_logo": {
      "type": "media",
      "multiple": false,
      "required": false,
      "allowedTypes": [
        "images",
        "files",
        "videos",
        "audios"
      ]
    },
    "masterclass_logo": {
      "type": "media",
      "multiple": false,
      "required": false,
      "allowedTypes": [
        "images"
      ]
    },
    "mobile_logo": {
      "type": "media",
      "multiple": false,
      "required": false,
      "allowedTypes": [
        "images"
      ]
    },
    "screen1": {
      "type": "component",
      "repeatable": false,
      "component": "masterclass.screen1"
    },
    "screen2": {
      "type": "component",
      "repeatable": false,
      "component": "masterclass.screen2"
    },
    "screen3": {
      "type": "component",
      "repeatable": false,
      "component": "template-2.screen-3"
    },
    "screen4_button_text": {
      "type": "string"
    }
  }
}
