{
  "collectionName": "components_masterclass_t4_first_sections",
  "info": {
    "displayName": "template-4-first-section"
  },
  "options": {},
  "attributes": {
    "title": {
      "type": "customField",
      "options": {
        "preset": "toolbar"
      },
      "customField": "plugin::ckeditor5.CKEditor"
    },
    "description": {
      "type": "customField",
      "options": {
        "preset": "toolbar"
      },
      "customField": "plugin::ckeditor5.CKEditor"
    },
    "first_section_button": {
      "type": "component",
      "repeatable": false,
      "component": "common.button"
    },
    "button_type": {
      "type": "enumeration",
      "enum": [
        "link",
        "popup"
      ],
      "default": "link"
    },
    "image": {
      "allowedTypes": [
        "images"
      ],
      "type": "media",
      "multiple": false
    }
  }
}
