{
  "collectionName": "components_masterclass_why_downloads",
  "info": {
    "displayName": "why download"
  },
  "options": {},
  "attributes": {
    "title": {
      "type": "string"
    },
    "why_dowload_list": {
      "displayName": "why download list",
      "type": "component",
      "repeatable": true,
      "component": "masterclass.why-download-list"
    },
    "description": {
      "type": "customField",
      "options": {
        "preset": "toolbar"
      },
      "customField": "plugin::ckeditor5.CKEditor"
    }
  }
}
