{
  "collectionName": "components_home_brands",
  "info": {
    "displayName": "Brand",
    "description": ""
  },
  "options": {},
  "attributes": {
    "title1": {
      "type": "string"
    },
    "client_logos": {
      "type": "relation",
      "relation": "oneToMany",
      "target": "api::logo.logo"
    },
    "title2": {
      "type": "string"
    },
    "title_icon": {
      "type": "string"
    },
    "client_logos2": {
      "type": "relation",
      "relation": "oneToMany",
      "target": "api::logo.logo"
    },
    "client_logos3": {
      "type": "relation",
      "relation": "oneToMany",
      "target": "api::logo.logo"
    }
  }
}
