{
  "collectionName": "components_home_communities",
  "info": {
    "displayName": "Community",
    "description": ""
  },
  "options": {},
  "attributes": {
    "heading": {
      "type": "string"
    },
    "title": {
      "type": "string"
    },
    "description": {
    "type": "customField",
  "customField": "plugin::ckeditor5.CKEditor",
  "options": {
    "preset": "standard"
  }
    },
    "points": {
      "displayName": "Community Points",
      "type": "component",
      "repeatable": true,
      "component": "home.community-points"
    },
    "image": {
      "type": "media",
      "multiple": false,
      "required": false,
      "allowedTypes": [
        "images"
      ]
    },
    "community_button": {
      "type": "component",
      "repeatable": false,
      "component": "common.button"
    }
  }
}
