{
  "collectionName": "components_home_top_sections",
  "info": {
    "displayName": "Top section",
    "description": ""
  },
  "options": {},
  "attributes": {
    "title": {
      "type": "string"
    },
    "videoUrl": {
      "type": "string"
    },
    "background_image": {
      "type": "media",
      "multiple": false,
      "required": false,
      "allowedTypes": [
        "images"
      ]
    },
    "mobile_background_image": {
      "type": "media",
      "multiple": false,
      "required": false,
      "allowedTypes": [
        "images"
      ]
    },
    "button1_text": {
      "type": "string"
    },
    "button1_link": {
      "type": "string"
    },
    "button2_text": {
      "type": "string"
    },
    "description": {
    "type": "customField",
  "customField": "plugin::ckeditor5.CKEditor",
  "options": {
    "preset": "standard"
  }
    },
    "bg_video": {
      "allowedTypes": [
        "videos"
      ],
      "type": "media",
      "multiple": false
    },
    "show_video_or_image": {
      "type": "enumeration",
      "enum": [
        "video",
        "image"
      ],
      "default": "image",
      "required": false
    }
  }
}
