{
  "collectionName": "components_game_download_minimal_dashboards",
  "info": {
    "displayName": "minimal-dashboard"
  },
  "options": {},
  "attributes": {
    "sectionTitle": {
      "type": "string"
    },
    "title": {
      "type": "string"
    },
    "overviewList": {
      "displayName": "overview-list",
      "type": "component",
      "repeatable": true,
      "component": "game-download.overview-list"
    },
    "appDownloadButtons": {
      "displayName": "app download buttons",
      "type": "component",
      "repeatable": true,
      "component": "game-download.app-download-buttons"
    },
    "image1": {
      "allowedTypes": [
        "images"
      ],
      "type": "media",
      "multiple": false
    },
    "image2": {
      "allowedTypes": [
        "images"
      ],
      "type": "media",
      "multiple": false
    }
  }
}
