{
  "collectionName": "components_game_brand_sections",
  "info": {
    "displayName": "Brand Section",
    "description": ""
  },
  "options": {},
  "attributes": {
    "title": {
      "type": "string"
    },
    "brands": {
      "type": "relation",
      "relation": "oneToMany",
      "target": "api::logo.logo"
    },
    "title2": {
      "type": "string"
    },
    "title_icon": {
      "type": "string"
    },
    "brands2": {
      "type": "relation",
      "relation": "oneToMany",
      "target": "api::logo.logo"
    },
    "brands3": {
      "type": "relation",
      "relation": "oneToMany",
      "target": "api::logo.logo"
    }
  }
}
