{
  "collectionName": "components_game_play_categories",
  "info": {
    "displayName": "Play Category",
    "description": ""
  },
  "options": {},
  "attributes": {
    "heading": {
      "type": "string"
    },
    "title": {
      "type": "string"
    },
    "description": {
      "type": "customField",
      "options": {
        "preset": "toolbar"
      },
      "customField": "plugin::ckeditor5.CKEditor"
    },
    "game_button": {
      "type": "component",
      "repeatable": false,
      "component": "common.button"
    }
  }
}
