{
  "kind": "collectionType",
  "collectionName": "glossary_comments",
  "info": {
    "singularName": "glossary-comment",
    "pluralName": "glossary-comments",
    "displayName": "Glossary Comment"
  },
  "options": {
    "draftAndPublish": true
  },
  "pluginOptions": {},
  "attributes": {
    "glossary": {
      "type": "relation",
      "relation": "manyToOne",
      "target": "api::glossary.glossary",
      "inversedBy": "glossary_comments"
    },
    "name": {
      "type": "string"
    },
    "email": {
      "type": "string"
    },
    "website": {
      "type": "string"
    },
    "comment": {
      "type": "text"
    },
    "approve_by_admin": {
      "type": "boolean",
      "default": false
    },
    "parent_comment": {
      "type": "string"
    }
  }
}
