{
  "kind": "singleType",
  "collectionName": "game_downloads",
  "info": {
    "singularName": "game-download",
    "pluralName": "game-downloads",
    "displayName": "Game Download",
    "description": ""
  },
  "options": {
    "draftAndPublish": true
  },
  "pluginOptions": {},
  "attributes": {
    "title": {
      "type": "string"
    },
    "minimalDashboard": {
      "displayName": "minimal-dashboard",
      "type": "component",
      "repeatable": false,
      "component": "game-download.minimal-dashboard"
    },
    "features": {
      "displayName": "features",
      "type": "component",
      "repeatable": false,
      "component": "game-download.features"
    },
    "appDownload": {
      "displayName": "app download",
      "type": "component",
      "repeatable": false,
      "component": "game-download.app-download"
    },
    "seo": {
      "type": "component",
      "repeatable": false,
      "component": "shared.seo"
    },
    "schema": {
      "type": "json"
    }
  }
}
