{
  "kind": "collectionType",
  "collectionName": "knowledge_bases",
  "info": {
    "singularName": "knowledge-base",
    "pluralName": "knowledge-bases",
    "displayName": "Knowledge Base",
    "description": ""
  },
  "options": {
    "draftAndPublish": true
  },
  "pluginOptions": {},
  "attributes": {
    "title": {
      "type": "string"
    },
    "slug": {
      "type": "uid",
      "targetField": "title"
    },
    "description": {
      "type": "customField",
      "options": {
        "preset": "toolbar"
      },
      "customField": "plugin::ckeditor5.CKEditor"
    },
    "version": {
      "type": "string"
    },
    "sub_versions": {
      "type": "relation",
      "relation": "oneToMany",
      "target": "api::knowledge-base.knowledge-base",
      "mappedBy": "base_version"
    },
    "base_version": {
      "type": "relation",
      "relation": "manyToOne",
      "target": "api::knowledge-base.knowledge-base",
      "inversedBy": "sub_versions"
    },
    "ctas": {
      "type": "relation",
      "relation": "manyToMany",
      "target": "api::cta.cta",
      "inversedBy": "knowledge_bases"
    },
    "seo": {
      "type": "component",
      "repeatable": false,
      "component": "shared.seo"
    },
    "featured_faq": {
      "type": "component",
      "repeatable": false,
      "component": "knowledge-base.featured-faq"
    }
  }
}
