{
  "collectionName": "components_about_second_sections",
  "info": {
    "displayName": "second section",
    "description": ""
  },
  "options": {},
  "attributes": {
    "heading": {
      "type": "string"
    },
    "title": {
      "type": "string"
    },
    "description": {
      "type": "customField",
      "options": {
        "preset": "toolbar"
      },
      "customField": "plugin::ckeditor5.CKEditor"
    },
    "points": {
      "displayName": "points",
      "type": "component",
      "repeatable": true,
      "component": "about.points"
    },
    "description1": {
      "type": "customField",
      "options": {
        "preset": "custom"
      },
      "customField": "plugin::ckeditor5.CKEditor"
    },
    "image": {
      "allowedTypes": [
        "images"
      ],
      "type": "media",
      "multiple": false
    }
  }
}
