{
  "kind": "collectionType",
  "collectionName": "use_cases",
  "info": {
    "singularName": "use-case",
    "pluralName": "use-cases",
    "displayName": "Use Case",
    "description": ""
  },
  "options": {
    "draftAndPublish": true
  },
  "pluginOptions": {},
  "attributes": {
    "banner": {
      "displayName": "banner",
      "type": "component",
      "repeatable": false,
      "component": "use-case.banner"
    },
    "benefits": {
      "displayName": "benefits",
      "type": "component",
      "repeatable": false,
      "component": "use-case.benefits"
    },
    "features": {
      "displayName": "features",
      "type": "component",
      "repeatable": false,
      "component": "use-case.features"
    },
    "ready_section": {
      "displayName": "ready-section",
      "type": "component",
      "repeatable": false,
      "component": "use-case.ready-section"
    },
    "explore": {
      "displayName": "explore",
      "type": "component",
      "repeatable": false,
      "component": "use-case.explore"
    },
    "slug": {
      "type": "string"
    },
    "seo": {
      "type": "component",
      "repeatable": false,
      "component": "shared.seo"
    },
    "faq_section": {
      "type": "component",
      "repeatable": false,
      "component": "pricing.faq-section"
    },
    "description": {
      "type": "dynamiczone",
      "components": [
        "use-case.ckeditor",
        "use-case.swiper-description"
      ]
    },
    "description_type": {
      "type": "dynamiczone",
      "components": [
        "button.button-image-text",
        "button.button-text",
        "button.newsletter",
        "common.button"
      ]
    },
    "ctas": {
      "type": "relation",
      "relation": "manyToMany",
      "target": "api::cta.cta",
      "mappedBy": "use_cases"
    },
    "schema": {
      "type": "json"
    }
  }
}
