{
  "kind": "collectionType",
  "collectionName": "blog_comments",
  "info": {
    "singularName": "blog-comment",
    "pluralName": "blog-comments",
    "displayName": "Blog Comment",
    "description": ""
  },
  "options": {
    "draftAndPublish": true
  },
  "pluginOptions": {},
  "attributes": {
    "blog": {
      "type": "relation",
      "relation": "manyToOne",
      "target": "api::blog.blog",
      "inversedBy": "blog_comments"
    },
    "name": {
      "type": "string"
    },
    "email": {
      "type": "string"
    },
    "website": {
      "type": "string"
    },
    "comment": {
      "type": "text"
    },
    "approve_by_admin": {
      "type": "boolean",
      "default": false
    },
    "parent_comment": {
      "type": "string",
      "default": "null"
    }
  }
}
