{
  "collectionName": "components_common_app_downloads",
  "info": {
    "displayName": "app download",
    "description": ""
  },
  "options": {},
  "attributes": {
    "sectionTitle": {
      "type": "string"
    },
    "title": {
      "type": "string"
    },
    "playstoreButtonText": {
      "type": "string"
    },
    "applestoreButtonText": {
      "type": "string"
    },
    "image": {
      "type": "media",
      "multiple": false,
      "required": false,
      "allowedTypes": [
        "images"
      ]
    },
    "playstoreButtonLink": {
      "type": "text"
    },
    "applestoreButtonLink": {
      "type": "text"
    }
  }
}
