{
  "collectionName": "components_common_download_apps",
  "info": {
    "displayName": "Download app",
    "description": ""
  },
  "options": {},
  "attributes": {
    "android": {
      "type": "media",
      "multiple": false,
      "required": false,
      "allowedTypes": [
        "images"
      ]
    },
    "ios": {
      "type": "media",
      "multiple": false,
      "required": false,
      "allowedTypes": [
        "images"
      ]
    },
    "android_link": {
      "type": "string"
    },
    "ios_link": {
      "type": "string"
    }
  }
}
