{
  "collectionName": "components_common_top_sticky_stripes",
  "info": {
    "displayName": "Top Sticky Stripe",
    "description": ""
  },
  "options": {},
  "attributes": {
    "description": {
    "type": "customField",
  "customField": "plugin::ckeditor5.CKEditor",
  "options": {
    "preset": "standard"
  }
    },
    "visible": {
      "type": "boolean",
      "default": true
    },
    "top_sticky_stripe_button": {
      "type": "component",
      "repeatable": false,
      "component": "common.button"
    }
  }
}
