{
  "collectionName": "components_common_zoho_forms",
  "info": {
    "displayName": "zoho_form"
  },
  "options": {},
  "attributes": {
    "zoho_form_type": {
      "type": "enumeration",
      "enum": [
        "button",
        "form"
      ],
      "default": "button"
    },
    "zoho_form_button": {
      "type": "component",
      "repeatable": false,
      "component": "common.button"
    },
    "onload_function": {
      "type": "text"
    },
    "onsubmit_function": {
      "type": "text"
    },
    "zoho_form": {
    "type": "customField",
  "customField": "plugin::ckeditor5.CKEditor",
  "options": {
    "preset": "standard"
  }
    }
  }
}
