{
  "kind": "singleType",
  "collectionName": "testimonial_pages",
  "info": {
    "singularName": "testimonial-page",
    "pluralName": "testimonial-pages",
    "displayName": "Testimonial Page",
    "description": ""
  },
  "options": {
    "draftAndPublish": true
  },
  "pluginOptions": {},
  "attributes": {
    "title": {
      "type": "string",
      "required": true
    },
    "testimonial_section": {
      "displayName": "Testimonials section",
      "type": "component",
      "repeatable": false,
      "component": "testimonial.testimonials-section"
    },
    "brand_section": {
      "displayName": "Brands Section",
      "type": "component",
      "repeatable": false,
      "component": "testimonial.brands-section"
    },
    "bottom_section": {
      "type": "component",
      "repeatable": false,
      "component": "testimonial.bottom-section"
    },
    "seo": {
      "type": "component",
      "repeatable": false,
      "component": "shared.seo"
    },
    "schema": {
      "type": "json"
    }
  }
}
