{
  "collectionName": "components_landing_page_adventures",
  "info": {
    "displayName": "Adventure"
  },
  "options": {},
  "attributes": {
    "hero_section": {
      "displayName": "Hero Section",
      "type": "component",
      "repeatable": false,
      "component": "adventure.hero-section"
    },
    "brands": {
      "type": "component",
      "repeatable": false,
      "component": "masterclass.template-4-brands"
    },
    "experience": {
      "displayName": "experience-section",
      "type": "component",
      "repeatable": false,
      "component": "live-session.experience-section"
    },
    "certified": {
      "displayName": "certified",
      "type": "component",
      "repeatable": false,
      "component": "adventure.certified"
    },
    "pay_offs_section": {
      "displayName": "pay offs section",
      "type": "component",
      "repeatable": false,
      "component": "case-study.pay-offs-section"
    },
    "stripe": {
      "displayName": "stripe",
      "type": "component",
      "repeatable": false,
      "component": "adventure.stripe"
    },
    "testimonial_section": {
      "type": "component",
      "repeatable": false,
      "component": "home.testimonial"
    },
    "faq": {
      "type": "component",
      "repeatable": false,
      "component": "masterclass.faq"
    },
    "form": {
      "type": "component",
      "repeatable": false,
      "component": "adventure.form"
    }
  }
}
