{
  "collectionName": "components_landing_page_masterclasses",
  "info": {
    "displayName": "masterclass",
    "description": ""
  },
  "options": {},
  "attributes": {
    "animations": {
      "type": "component",
      "repeatable": false,
      "component": "masterclass.animations"
    },
    "show_custom_navbar": {
      "type": "boolean",
      "default": false
    },
    "show_intro_animation": {
      "type": "boolean",
      "default": true
    },
    "custom_navbar": {
      "type": "component",
      "repeatable": false,
      "component": "masterclass.custom-navbar"
    },
    "agenda": {
      "type": "component",
      "repeatable": false,
      "component": "masterclass.join"
    },
    "industry_experts": {
      "type": "component",
      "repeatable": false,
      "component": "masterclass.industry-experts"
    },
    "count": {
      "type": "component",
      "repeatable": true,
      "component": "masterclass.count"
    },
    "brands": {
      "type": "component",
      "repeatable": false,
      "component": "masterclass.brands"
    },
    "certifications": {
      "type": "component",
      "repeatable": false,
      "component": "masterclass.certifications"
    },
    "register": {
      "type": "component",
      "repeatable": false,
      "component": "masterclass.register"
    },
    "faq": {
      "type": "component",
      "repeatable": false,
      "component": "masterclass.faq"
    }
  }
}
