{
    "collectionName": "components_landing_page_template_4s",
    "info": {
      "displayName": "template-4"
    },
    "options": {},
    "attributes": {
      "first_section": {
        "type": "component",
        "repeatable": false,
        "component": "masterclass.template-4-first-section"
      },
      "why_choose": {
        "type": "component",
        "repeatable": false,
        "component": "masterclass.template-4-first-section"
      },
      "agenda": {
        "type": "component",
        "repeatable": false,
        "component": "masterclass.template-4-agenda"
      },
      "hosts": {
        "type": "component",
        "repeatable": false,
        "component": "masterclass.industry-experts"
      },
      "count": {
        "type": "component",
        "repeatable": true,
        "component": "masterclass.count"
      },
      "brands": {
        "type": "component",
        "repeatable": false,
        "component": "masterclass.template-4-brands"
      },
      "what_you_get": {
        "type": "component",
        "repeatable": false,
        "component": "masterclass.what-you-get"
      },
      "consult_section": {
        "type": "component",
        "repeatable": false,
        "component": "masterclass.consult"
      },
      "content": {
        "type": "component",
        "repeatable": false,
        "component": "masterclass.weeks-session"
      },
      "case_stalwart":{
        "type": "component",
        "repeatable": false,
        "component": "masterclass.case-study-stalwart"
      },
      "core":{
        "type": "component",
        "repeatable": false,
        "component": "masterclass.core-advantage"
      },
      "testimonials": {
        "type": "component",
        "repeatable": false,
        "component": "masterclass.certifications"
      },
      "get_certified_now": {
        "type": "component",
        "repeatable": false,
        "component": "masterclass.get-certified-now"
      },
      "faq": {
        "type": "component",
        "repeatable": false,
        "component": "masterclass.faq"
      },
      "form": {
        "type": "component",
        "repeatable": false,
        "component": "masterclass.template-4-form"
      }
    }
  }
  