{
  "collectionName": "components_landing_page_template3s",
  "info": {
    "displayName": "template3"
  },
  "options": {},
  "attributes": {
    "aferr_model": {
      "type": "component",
      "repeatable": false,
      "component": "masterclass.aferr-model"
    },
    "advantages": {
      "type": "component",
      "repeatable": false,
      "component": "masterclass.template-3-advantages"
    },
    "preview": {
      "type": "component",
      "repeatable": false,
      "component": "masterclass.template3-preview"
    },
    "dive_deep": {
      "type": "component",
      "repeatable": false,
      "component": "masterclass.dive-deep"
    },
    "why_download": {
      "type": "component",
      "repeatable": false,
      "component": "masterclass.why-download"
    },
    "brands": {
      "type": "component",
      "repeatable": false,
      "component": "masterclass.brands"
    },
    "faq": {
      "type": "component",
      "repeatable": false,
      "component": "masterclass.faq"
    }
  }
}
