{
  "kind": "singleType",
  "collectionName": "careers",
  "info": {
    "singularName": "career",
    "pluralName": "careers",
    "displayName": "Career",
    "description": ""
  },
  "options": {
    "draftAndPublish": true
  },
  "pluginOptions": {},
  "attributes": {
    "hero_section": {
      "displayName": "Hero",
      "type": "component",
      "repeatable": false,
      "component": "careers.hero"
    },
    "brand_section": {
      "type": "component",
      "repeatable": false,
      "component": "home.brand"
    },
    "testimonial_section": {
      "type": "component",
      "repeatable": false,
      "component": "home.testimonial"
    },
    "bottom_section": {
      "displayName": "bottom_section",
      "type": "component",
      "repeatable": false,
      "component": "careers.bottom-section"
    },
    "schema": {
      "type": "json"
    },
    "seo": {
      "type": "component",
      "repeatable": false,
      "component": "shared.seo"
    },
    "show_zoho_careers": {
      "type": "boolean"
    }
  }
}
