{
  "collectionName": "components_labs_approach_cards",
  "info": {
    "displayName": "Approach Cards",
    "description": ""
  },
  "options": {},
  "attributes": {
    "background_video": {
      "type": "media",
      "multiple": false,
      "required": false,
      "allowedTypes": [
        "videos"
      ]
    },
    "background_color": {
      "type": "text"
    },
    "icon": {
      "type": "media",
      "multiple": false,
      "required": false,
      "allowedTypes": [
        "images"
      ]
    },
    "title": {
      "type": "string"
    },
    "button_link": {
      "type": "string"
    },
    "description": {
      "type": "string"
    }
  }
}
