{
  "collectionName": "components_labs_approach_sections",
  "info": {
    "displayName": "Approach Section"
  },
  "options": {},
  "attributes": {
    "title": {
      "type": "string"
    },
    "description": {
    "type": "customField",
  "customField": "plugin::ckeditor5.CKEditor",
  "options": {
    "preset": "standard"
  }
    },
    "cards": {
      "displayName": "Approach Cards",
      "type": "component",
      "repeatable": true,
      "component": "labs.approach-cards"
    }
  }
}
