{
  "collectionName": "components_labs_ctas",
  "info": {
    "displayName": "CTA"
  },
  "options": {},
  "attributes": {
    "title": {
      "type": "string"
    },
    "description": {
    "type": "customField",
  "customField": "plugin::ckeditor5.CKEditor",
  "options": {
    "preset": "standard"
  }
    },
    "labs_CTA_button": {
      "type": "component",
      "repeatable": false,
      "component": "common.button"
    },
    "background_video": {
      "allowedTypes": [
        "videos"
      ],
      "type": "media",
      "multiple": false
    }
  }
}
