{
  "collectionName": "components_labs_evidence_based_strategies",
  "info": {
    "displayName": "Evidence Based Strategy"
  },
  "options": {},
  "attributes": {
    "title": {
      "type": "string"
    },
    "description": {
    "type": "customField",
  "customField": "plugin::ckeditor5.CKEditor",
  "options": {
    "preset": "standard"
  }
    },
    "features": {
      "displayName": "Evidence Based Strategy Features",
      "type": "component",
      "repeatable": true,
      "component": "labs.evidence-based-strategy-features"
    }
  }
}
