{
  "collectionName": "components_labs_evidence_based_strategy_features",
  "info": {
    "displayName": "Evidence Based Strategy Features"
  },
  "options": {},
  "attributes": {
    "icon": {
      "allowedTypes": [
        "images"
      ],
      "type": "media",
      "multiple": false
    },
    "title": {
      "type": "string"
    },
    "pill": {
      "type": "string"
    },
    "image": {
      "allowedTypes": [
        "images"
      ],
      "type": "media",
      "multiple": false
    },
    "description": {
    "type": "customField",
  "customField": "plugin::ckeditor5.CKEditor",
  "options": {
    "preset": "standard"
  }
    }
  }
}
