{
  "collectionName": "components_labs_inside_labs_sections",
  "info": {
    "displayName": "Inside Labs Section"
  },
  "options": {},
  "attributes": {
    "title": {
      "type": "string"
    },
    "description": {
    "type": "customField",
  "customField": "plugin::ckeditor5.CKEditor",
  "options": {
    "preset": "standard"
  }
    },
    "features": {
      "displayName": "Inside Labs Features",
      "type": "component",
      "repeatable": true,
      "component": "labs.inside-labs-features"
    }
  }
}
