{
  "collectionName": "components_labs_m_f_sections",
  "info": {
    "displayName": "Models and Frameworks Section"
  },
  "options": {},
  "attributes": {
    "title": {
      "type": "string"
    },
    "description": {
    "type": "customField",
  "customField": "plugin::ckeditor5.CKEditor",
  "options": {
    "preset": "standard"
  }
    },
    "list": {
      "displayName": "Models and Frameworks List",
      "type": "component",
      "repeatable": true,
      "component": "labs.models-and-frameworks-list"
    }
  }
}
