{
  "collectionName": "components_labs_m_f_lists",
  "info": {
    "displayName": "Models and Frameworks List"
  },
  "options": {},
  "attributes": {
    "title": {
      "type": "string"
    },
    "description": {
    "type": "customField",
  "customField": "plugin::ckeditor5.CKEditor",
  "options": {
    "preset": "standard"
  }
    },
    "icon": {
      "allowedTypes": [
        "images"
      ],
      "type": "media",
      "multiple": false
    },
    "image": {
      "allowedTypes": [
        "images"
      ],
      "type": "media",
      "multiple": false
    }
  }
}
