{
  "collectionName": "components_labs_neuro_sciences",
  "info": {
    "displayName": "Neuro Science"
  },
  "options": {},
  "attributes": {
    "title": {
      "type": "string"
    },
    "description": {
    "type": "customField",
  "customField": "plugin::ckeditor5.CKEditor",
  "options": {
    "preset": "standard"
  }
    },
    "features": {
      "displayName": "Neuro Scince Features",
      "type": "component",
      "repeatable": true,
      "component": "labs.neuro-scince-features"
    }
  }
}
