{
  "collectionName": "components_labs_science_backed_approaches",
  "info": {
    "displayName": "Science Backed Approach"
  },
  "options": {},
  "attributes": {
    "title": {
      "type": "string"
    },
    "description": {
    "type": "customField",
  "customField": "plugin::ckeditor5.CKEditor",
  "options": {
    "preset": "standard"
  }
    },
    "cards": {
      "displayName": "Science Backed Approach Cards",
      "type": "component",
      "repeatable": true,
      "component": "labs.science-backed-approach-cards",
      "max": 8,
      "min": 8
    }
  }
}
