{
  "collectionName": "components_labs_stats_sections",
  "info": {
    "displayName": "Stats Section"
  },
  "options": {},
  "attributes": {
    "sub_title": {
      "type": "string"
    },
    "title": {
    "type": "customField",
  "customField": "plugin::ckeditor5.CKEditor",
  "options": {
    "preset": "standard"
  }
    },
    "description": {
    "type": "customField",
  "customField": "plugin::ckeditor5.CKEditor",
  "options": {
    "preset": "standard"
  }
    }
  }
}
