{
  "collectionName": "components_cs_aferr_details",
  "info": {
    "displayName": "Aferr Details Section",
    "description": "Details section matching AferrMaster.jsx DetailsSection component"
  },
  "options": {},
  "attributes": {
    "enabled": {
      "type": "boolean",
      "default": true
    },
    "title": {
      "type": "string"
    },
    "description": {
      "type": "customField",
      "options": {
        "preset": "toolbar"
      },
      "customField": "plugin::ckeditor5.CKEditor"
    },
    "media_type": {
      "type": "enumeration",
      "enum": [
        "image",
        "video"
      ],
      "default": "image"
    },
    "image": {
      "type": "media",
      "multiple": false,
      "required": false,
      "allowedTypes": [
        "images"
      ]
    },
    "video": {
      "type": "media",
      "multiple": false,
      "required": false,
      "allowedTypes": [
        "videos"
      ]
    },
    "video_thumbnail": {
      "type": "media",
      "multiple": false,
      "required": false,
      "allowedTypes": [
        "images"
      ]
    },
    "button": {
      "type": "component",
      "repeatable": false,
      "component": "common.button"
    },
    "stats_quadrants": {
      "type": "component",
      "repeatable": true,
      "component": "case-study.aferr-stats-quadrant",
      "max": 4
    }
  }
}
