{
  "collectionName": "components_cs_aferr_cta",
  "info": {
    "displayName": "Aferr CTA",
    "description": "CTA component following case study pattern for Aferr Master templates"
  },
  "options": {},
  "attributes": {
    "title": {
      "type": "string",
      "required": true
    },
    "description": {
      "type": "text"
    },
    "button": {
      "type": "component",
      "repeatable": false,
      "component": "common.button"
    },
    "background_type": {
      "type": "enumeration",
      "enum": [
        "gradient",
        "image",
        "color"
      ],
      "default": "gradient"
    },
    "background_image_desktop": {
      "type": "media",
      "multiple": false,
      "required": false,
      "allowedTypes": [
        "images"
      ]
    },
    "background_image_mobile": {
      "type": "media",
      "multiple": false,
      "required": false,
      "allowedTypes": [
        "images"
      ]
    },
    "background_image": {
      "type": "media",
      "multiple": false,
      "required": false,
      "allowedTypes": [
        "images"
      ]
    },
    "gradient_overlay": {
      "type": "text"
    },
    "background_color": {
      "type": "string"
    },
    "text_color": {
      "type": "enumeration",
      "enum": [
        "white",
        "black",
        "custom"
      ],
      "default": "white"
    },
    "custom_text_color": {
      "type": "string"
    },
    "enabled": {
      "type": "boolean",
      "default": true
    }
  }
}
