{
  "collectionName": "components_cs_aferr_stats_quadrant",
  "info": {
    "displayName": "Stats Quadrant",
    "description": "Individual stats quadrant for the details section"
  },
  "options": {},
  "attributes": {
    "stat_value": {
      "type": "string",
      "required": true
    },
    "stat_description": {
      "type": "string",
      "required": true
    },
    "position": {
      "type": "enumeration",
      "enum": [
        "top-left",
        "top-right", 
        "bottom-left",
        "bottom-right"
      ],
      "required": true
    }
  }
}
