{
  "collectionName": "components_cs_aferr_hero",
  "info": {
    "displayName": "Aferr Hero Section",
    "description": "Hero section matching AferrMaster.jsx HeroSection component"
  },
  "options": {},
  "attributes": {
    "enabled": {
      "type": "boolean",
      "default": true
    },
    "title": {
      "type": "string"
    },
    "description": {
      "type": "text"
    },
    "background_image": {
      "type": "media",
      "multiple": false,
      "required": false,
      "allowedTypes": [
        "images"
      ]
    },
    "gradient_overlay": {
      "type": "string"
    },
    "button": {
      "type": "component",
      "repeatable": false,
      "component": "common.button"
    }
  }
}
