{
  "collectionName": "components_cs_detail_company",
  "info": {
    "displayName": "Company Overview",
    "description": "Company overview section for case study pages with custom icons"
  },
  "options": {},
  "attributes": {
    "enabled": {
      "type": "boolean",
      "default": true
    },
    "title": {
      "type": "string",
      "default": "COMPANY OVERVIEW"
    },
    "company_card_enabled": {
      "type": "boolean",
      "default": true
    },
    "company_card_label": {
      "type": "string",
      "default": "Company"
    },
    "company_card_icon": {
      "type": "media",
      "multiple": false,
      "required": false,
      "allowedTypes": ["images"]
    },
    "industry_card_enabled": {
      "type": "boolean",
      "default": true
    },
    "industry_card_label": {
      "type": "string",
      "default": "Industry"
    },
    "industry_card_icon": {
      "type": "media",
      "multiple": false,
      "required": false,
      "allowedTypes": ["images"]
    },
    "location_card_enabled": {
      "type": "boolean",
      "default": true
    },
    "location_card_label": {
      "type": "string",
      "default": "Location"
    },
    "location_card_icon": {
      "type": "media",
      "multiple": false,
      "required": false,
      "allowedTypes": ["images"]
    },
    "company_name": {
      "type": "string"
    },
    "industry": {
      "type": "string"
    },
    "location": {
      "type": "string"
    },
    "description": {
      "type": "customField",
      "options": {
        "preset": "toolbar"
      },
      "customField": "plugin::ckeditor5.CKEditor"
    }
  }
}
