{
  "collectionName": "components_cs_cta_header",
  "info": {
    "displayName": "CTA Header Section",
    "description": "Header and description section above CTAs"
  },
  "options": {},
  "attributes": {
    "enabled": {
      "type": "boolean",
      "default": true
    },
    "title": {
      "type": "string"
    },
    "description": {
      "type": "customField",
      "options": {
        "preset": "toolbar"
      },
      "customField": "plugin::ckeditor5.CKEditor"
    },
    "spacing": {
      "type": "component",
      "repeatable": false,
      "component": "common.spacing"
    }
  }
}

