{
  "collectionName": "components_cs_detail_hero",
  "info": {
    "displayName": "Hero Section",
    "description": "Hero section for case study pages with background image or solid color support"
  },
  "options": {},
  "attributes": {
    "enabled": {
      "type": "boolean",
      "default": true
    },
    "title": {
      "type": "string",
      "required": true
    },
    "category": {
      "type": "string",
      "default": "Success Story"
    },
    "description": {
      "type": "text"
    },
    "background_image": {
      "type": "media",
      "multiple": false,
      "required": false,
      "allowedTypes": [
        "images"
      ]
    },
    "background_image_desktop": {
      "type": "media",
      "multiple": false,
      "required": false,
      "allowedTypes": [
        "images"
      ]
    },
    "background_image_mobile": {
      "type": "media",
      "multiple": false,
      "required": false,
      "allowedTypes": [
        "images"
      ]
    },
    "background_color": {
      "type": "string",
      "default": ""
    },
    "gradient_overlay": {
      "type": "text",
      "default": "linear-gradient(to right, rgba(0,0,0,0.5) 0%, rgba(0,0,0,0.3) 100%)"
    },
    "title_text_color": {
      "type": "string",
      "default": ""
    },
    "category_background_color": {
      "type": "string",
      "default": ""
    }
  }
}
