{
  "collectionName": "components_cs_detail_stat",
  "info": {
    "displayName": "Impact Stat",
    "description": "Individual statistic for impact section"
  },
  "options": {},
  "attributes": {
    "number": {
      "type": "string",
      "required": true
    },
    "title": {
      "type": "string",
      "required": true
    },
    "description": {
      "type": "text"
    },
    "detailed_description": {
      "type": "customField",
      "options": {
        "preset": "toolbar"
      },
      "customField": "plugin::ckeditor5.CKEditor"
    }
  }
}