{
  "collectionName": "components_cs_detail_impact",
  "info": {
    "displayName": "Impact Section",
    "description": "Impact section with text and statistics for case study pages"
  },
  "options": {},
  "attributes": {
    "enabled": {
      "type": "boolean",
      "default": true
    },
    "title": {
      "type": "string",
      "default": "THE IMPACT"
    },
    "description": {
      "type": "customField",
      "options": {
        "preset": "toolbar"
      },
      "customField": "plugin::ckeditor5.CKEditor"
    },
    "stats": {
      "type": "component",
      "repeatable": true,
      "component": "case-study.impact-stat"
    },
    "spacing": {
      "type": "component",
      "repeatable": false,
      "component": "common.spacing"
    }
  }
}
