{
  "collectionName": "components_cs_references",
  "info": {
    "displayName": "References",
    "description": "References section for case study pages"
  },
  "options": {},
  "attributes": {
    "enabled": {
      "type": "boolean",
      "default": true
    },
    "title": {
      "type": "string",
      "default": "References"
    },
    "references": {
      "type": "component",
      "repeatable": true,
      "component": "glossary.reference"
    },
    "spacing": {
      "type": "component",
      "repeatable": false,
      "component": "common.spacing"
    }
  }
}
