{
  "collectionName": "components_cs_detail_banner",
  "info": {
    "displayName": "Solutions Banner",
    "description": "Solutions banner section for case study pages"
  },
  "options": {},
  "attributes": {
    "enabled": {
      "type": "boolean",
      "default": true
    },
    "title": {
      "type": "string"
    },
    "description": {
      "type": "text"
    },
    "button": {
      "type": "component",
      "repeatable": false,
      "component": "common.button"
    },
    "button_type": {
      "type": "enumeration",
      "enum": [
        "link",
        "popup",
        "form"
      ],
      "default": "link"
    },
    "form": {
      "type": "customField",
      "options": {
        "preset": "toolbar"
      },
      "customField": "plugin::ckeditor5.CKEditor"
    },
    "form_onload": {
      "type": "string"
    },
    "form_onsubmit": {
      "type": "string"
    },
    "background_image": {
      "type": "media",
      "multiple": false,
      "required": false,
      "allowedTypes": [
        "images"
      ]
    },
    "gradient_overlay": {
      "type": "text"
    },
    "spacing": {
      "type": "component",
      "repeatable": false,
      "component": "common.spacing"
    }
  }
}
