{
  "kind": "singleType",
  "collectionName": "blog_pages",
  "info": {
    "singularName": "blog-page",
    "pluralName": "blog-pages",
    "displayName": "Blog Page",
    "description": ""
  },
  "options": {
    "draftAndPublish": true
  },
  "pluginOptions": {},
  "attributes": {
    "title": {
      "type": "string",
      "required": true
    },
    "description": {
      "type": "text"
    },
    "bottom_section": {
      "displayName": "Bottom section",
      "type": "component",
      "repeatable": false,
      "component": "blog.bottom-section"
    },
    "seo": {
      "type": "component",
      "repeatable": false,
      "component": "shared.seo"
    },
    "schema": {
      "type": "json"
    },
    "ctas": {
      "type": "relation",
      "relation": "oneToMany",
      "target": "api::cta.cta"
    }
  }
}
