{
  "kind": "collectionType",
  "collectionName": "categories",
  "info": {
    "singularName": "category",
    "pluralName": "categories",
    "displayName": "Category",
    "description": ""
  },
  "options": {
    "draftAndPublish": true
  },
  "pluginOptions": {},
  "attributes": {
    "title": {
      "type": "string"
    },
    "slug": {
      "type": "uid",
      "targetField": "title"
    },
    "newsletter_section": {
      "type": "component",
      "repeatable": false,
      "component": "button.newsletter"
    },
    "blogs": {
      "type": "relation",
      "relation": "manyToMany",
      "target": "api::blog.blog",
      "mappedBy": "categories"
    },
    "seo": {
      "type": "component",
      "repeatable": false,
      "component": "shared.seo"
    },
    "schema": {
      "type": "json"
    }
  }
}
