{
  "collectionName": "components_template_2_screen_3s",
  "info": {
    "displayName": "screen 3"
  },
  "options": {},
  "attributes": {
    "title": {
    "type": "customField",
  "customField": "plugin::ckeditor5.CKEditor",
  "options": {
    "preset": "standard"
  }
    },
    "description": {
    "type": "customField",
  "customField": "plugin::ckeditor5.CKEditor",
  "options": {
    "preset": "standard"
  }
    },
    "button_text": {
      "type": "string"
    },
    "video": {
      "allowedTypes": ["videos"],
      "type": "media",
      "multiple": false
    },
    "video_thumbnail": {
      "allowedTypes": ["images"],
      "type": "media",
      "multiple": false
    }
  }
}
