{
  "collectionName": "components_new_play_now_game_list_sections",
  "info": {
    "displayName": "Game List Section"
  },
  "options": {},
  "attributes": {
    "title": {
      "type": "string"
    },
    "description": {
      "type": "customField",
      "options": {
        "preset": "toolbar"
      },
      "customField": "plugin::ckeditor5.CKEditor"
    },
    "Cards": {
      "displayName": "Game List Card",
      "type": "component",
      "repeatable": true,
      "component": "new-play-now.game-list-card"
    }
  }
}
