{
  "collectionName": "components_new_play_now_hero_sections",
  "info": {
    "displayName": "Hero Section",
    "description": ""
  },
  "options": {},
  "attributes": {
    "sub_title": {
      "type": "string"
    },
    "title": {
      "type": "string"
    },
    "new_play_now_hero_button": {
      "type": "component",
      "repeatable": false,
      "component": "common.button"
    },
    "image": {
      "type": "media",
      "multiple": false,
      "required": false,
      "allowedTypes": [
        "images"
      ]
    },
    "button_type": {
      "type": "enumeration",
      "enum": [
        "form",
        "link"
      ],
      "default": "link"
    }
  }
}
