{
  "kind": "singleType",
  "collectionName": "pricings",
  "info": {
    "singularName": "pricing",
    "pluralName": "pricings",
    "displayName": "Pricing",
    "description": ""
  },
  "options": {
    "draftAndPublish": true
  },
  "pluginOptions": {},
  "attributes": {
    "title": {
      "type": "string"
    },
    "plans": {
      "type": "component",
      "repeatable": true,
      "component": "pricing.plan"
    },
    "faq_section": {
      "type": "component",
      "repeatable": false,
      "component": "pricing.faq-section"
    },
    "contact_section": {
      "displayName": "Contact",
      "type": "component",
      "repeatable": false,
      "component": "pricing.contact"
    },
    "brand_section": {
      "displayName": "Brand section",
      "type": "component",
      "repeatable": false,
      "component": "pricing.brand-section"
    },
    "seo": {
      "type": "component",
      "repeatable": false,
      "component": "shared.seo"
    },
    "schema": {
      "type": "json"
    },
    "custom_plan": {
      "displayName": "Custom Plan",
      "type": "component",
      "repeatable": false,
      "component": "pricing.custom-plan"
    }
  }
}
