{
  "kind": "collectionType",
  "collectionName": "case_studies",
  "info": {
    "singularName": "case-study",
    "pluralName": "case-studies",
    "displayName": "Case Study",
    "description": "Individual case study entries"
  },
  "options": {
    "draftAndPublish": true
  },
  "pluginOptions": {},
  "attributes": {
    "title": {
      "type": "string",
      "required": true
    },
    "slug": {
      "type": "uid",
      "targetField": "title"
    },
    "templates": {
      "type": "dynamiczone",
      "components": [
        "case-study.case-study-series-template"
      ]
    },
    "seo": {
      "type": "component",
      "repeatable": false,
      "component": "shared.seo"
    }
  }
}