{
  "collectionName": "components_labs_approach_sections",
  "info": {
    "displayName": "Approach Section"
  },
  "options": {},
  "attributes": {
    "title": {
      "type": "string"
    },
    "description": {
      "type": "customField",
      "options": {
        "preset": "toolbar"
      },
      "customField": "plugin::ckeditor5.CKEditor"
    },
    "cards": {
      "displayName": "Approach Cards",
      "type": "component",
      "repeatable": true,
      "component": "labs.approach-cards"
    }
  }
}
