{
  "collectionName": "components_labs_hero_sections",
  "info": {
    "displayName": "Hero Section",
    "description": ""
  },
  "options": {},
  "attributes": {
    "sub_title": {
      "type": "string"
    },
    "title": {
      "type": "customField",
      "options": {
        "preset": "toolbar"
      },
      "customField": "plugin::ckeditor5.CKEditor"
    },
    "description": {
      "type": "customField",
      "options": {
        "preset": "toolbar"
      },
      "customField": "plugin::ckeditor5.CKEditor"
    },
    "labs_hero_section_button": {
      "type": "component",
      "repeatable": false,
      "component": "common.button"
    },
    "background_video": {
      "type": "media",
      "multiple": false,
      "required": false,
      "allowedTypes": [
        "videos"
      ]
    },
    "button_type": {
      "type": "enumeration",
      "enum": [
        "link",
        "form"
      ],
      "default": "link"
    }
  }
}
