{
  "collectionName": "components_labs_inside_labs_sections",
  "info": {
    "displayName": "Inside Labs Section"
  },
  "options": {},
  "attributes": {
    "title": {
      "type": "string"
    },
    "description": {
      "type": "customField",
      "options": {
        "preset": "toolbar"
      },
      "customField": "plugin::ckeditor5.CKEditor"
    },
    "features": {
      "displayName": "Inside Labs Features",
      "type": "component",
      "repeatable": true,
      "component": "labs.inside-labs-features"
    }
  }
}
