{
  "collectionName": "components_labs_M_F_sections",
  "info": {
    "displayName": "Models and Frameworks Section"
  },
  "options": {},
  "attributes": {
    "title": {
      "type": "string"
    },
    "description": {
      "type": "customField",
      "options": {
        "preset": "toolbar"
      },
      "customField": "plugin::ckeditor5.CKEditor"
    },
    "list": {
      "displayName": "Models and Frameworks List",
      "type": "component",
      "repeatable": true,
      "component": "labs.models-and-frameworks-list"
    }
  }
}
