{
  "collectionName": "components_labs_neuro_sciences",
  "info": {
    "displayName": "Neuro Science"
  },
  "options": {},
  "attributes": {
    "title": {
      "type": "string"
    },
    "description": {
      "type": "customField",
      "options": {
        "preset": "toolbar"
      },
      "customField": "plugin::ckeditor5.CKEditor"
    },
    "bg_design_image": {
      "allowedTypes": [
        "images"
      ],
      "type": "media",
      "multiple": false
    },
    "features": {
      "displayName": "Neuro Scince Features",
      "type": "component",
      "repeatable": true,
      "component": "labs.neuro-scince-features"
    }
  }
}
