{
  "collectionName": "components_labs_science_backed_approach_cards",
  "info": {
    "displayName": "Science Backed Approach Cards"
  },
  "options": {},
  "attributes": {
    "show_content_or_image": {
      "type": "enumeration",
      "enum": [
        "content",
        "image"
      ],
      "default": "content"
    },
    "title": {
      "type": "string"
    },
    "description": {
      "type": "customField",
      "options": {
        "preset": "toolbar"
      },
      "customField": "plugin::ckeditor5.CKEditor"
    },
    "color": {
      "type": "string"
    },
    "image": {
      "allowedTypes": [
        "images"
      ],
      "type": "media",
      "multiple": false
    }
  }
}
