{
  "collectionName": "components_labs_stats_sections",
  "info": {
    "displayName": "Stats Section"
  },
  "options": {},
  "attributes": {
    "sub_title": {
      "type": "string"
    },
    "title": {
      "type": "customField",
      "options": {
        "preset": "toolbar"
      },
      "customField": "plugin::ckeditor5.CKEditor"
    },
    "description": {
      "type": "customField",
      "options": {
        "preset": "toolbar"
      },
      "customField": "plugin::ckeditor5.CKEditor"
    }
  }
}
