{
  "collectionName": "components_cs_aferr_stats",
  "info": {
    "displayName": "Aferr Stats Section",
    "description": "Statistics section matching AferrMaster.jsx StatsSection component"
  },
  "options": {},
  "attributes": {
    "enabled": {
      "type": "boolean",
      "default": true
    },
    "title": {
      "type": "string"
    },
    "description": {
    "type": "customField",
  "customField": "plugin::ckeditor5.CKEditor",
  "options": {
    "preset": "standard"
  }
    },
    "stats_cards": {
      "type": "component",
      "repeatable": true,
      "component": "case-study.stat-card"
    }
  }
}
