{
  "collectionName": "components_cs_aferr_video",
  "info": {
    "displayName": "Aferr Video Carousel",
    "description": "Video carousel section matching AferrMaster.jsx VideoCarousel component"
  },
  "options": {},
  "attributes": {
    "enabled": {
      "type": "boolean",
      "default": true
    },
    "title": {
      "type": "string"
    },
    "video_cards": {
      "type": "component",
      "repeatable": true,
      "component": "newsroom.video-card"
    }
  }
}
