{
  "collectionName": "components_cs_aferr_details_2",
  "info": {
    "displayName": "Aferr Details Section 2",
    "description": "Second details section without stats quadrants - clean image display"
  },
  "options": {},
  "attributes": {
    "enabled": {
      "type": "boolean",
      "default": true
    },
    "title": {
      "type": "string"
    },
    "description": {
    "type": "customField",
  "customField": "plugin::ckeditor5.CKEditor",
  "options": {
    "preset": "standard"
  }
    },
    "image": {
      "type": "media",
      "multiple": false,
      "required": false,
      "allowedTypes": [
        "images"
      ]
    },
    "button": {
      "type": "component",
      "repeatable": false,
      "component": "common.button"
    }
  }
}
