{
  "collectionName": "components_cs_aferr_final_cta",
  "info": {
    "displayName": "Aferr Final CTA",
    "description": "Final CTA section matching AferrMaster.jsx FinalCTASection component"
  },
  "options": {},
  "attributes": {
    "enabled": {
      "type": "boolean",
      "default": true
    },
    "title": {
      "type": "string"
    },
    "description": {
    "type": "customField",
  "customField": "plugin::ckeditor5.CKEditor",
  "options": {
    "preset": "standard"
  }
    },
    "background_image_desktop": {
      "type": "media",
      "multiple": false,
      "required": false,
      "allowedTypes": [
        "images"
      ]
    },
    "background_image_mobile": {
      "type": "media",
      "multiple": false,
      "required": false,
      "allowedTypes": [
        "images"
      ]
    },
    "background_image": {
      "type": "media",
      "multiple": false,
      "required": false,
      "allowedTypes": [
        "images"
      ]
    },
    "gradient_overlay": {
      "type": "string"
    },
    "button": {
      "type": "component",
      "repeatable": false,
      "component": "common.button"
    }
  }
}
