{
  "collectionName": "components_cs_aferr_details",
  "info": {
    "displayName": "Aferr Details Section",
    "description": "Details section matching AferrMaster.jsx DetailsSection component"
  },
  "options": {},
  "attributes": {
    "enabled": {
      "type": "boolean",
      "default": true
    },
    "title": {
      "type": "string"
    },
    "description": {
    "type": "customField",
  "customField": "plugin::ckeditor5.CKEditor",
  "options": {
    "preset": "standard"
  }
    },
    "image": {
      "type": "media",
      "multiple": false,
      "required": false,
      "allowedTypes": [
        "images"
      ]
    },
    "button": {
      "type": "component",
      "repeatable": false,
      "component": "common.button"
    },
    "stats_quadrants": {
      "type": "component",
      "repeatable": true,
      "component": "case-study.aferr-stats-quadrant",
      "max": 4
    }
  }
}
