{
  "collectionName": "components_cs_case_studies",
  "info": {
    "displayName": "Aferr Case Studies Section",
    "description": "Case studies section matching AferrMaster.jsx CaseStudiesSection component"
  },
  "options": {},
  "attributes": {
    "enabled": {
      "type": "boolean",
      "default": true
    },
    "title": {
      "type": "string"
    },
    "description": {
      "type": "text"
    },
    "case_study_categories": {
      "type": "component",
      "repeatable": true,
      "component": "case-study.case-study-category"
    }
  }
}
