{
  "collectionName": "components_cs_case_study_item",
  "info": {
    "displayName": "Case Study Item",
    "description": "Individual case study item"
  },
  "options": {},
  "attributes": {
    "title": {
      "type": "string",
      "required": true
    },
    "description": {
      "type": "text"
    },
    "image": {
      "type": "media",
      "multiple": false,
      "required": false,
      "allowedTypes": [
        "images"
      ]
    },
    "button": {
      "type": "component",
      "repeatable": false,
      "component": "common.button"
    }
  }
}
