{
  "collectionName": "components_cs_case_study_template",
  "info": {
    "displayName": "Case Study Series Template",
    "description": "Template for Case Study Series with all components from CaseStudyDetail.jsx"
  },
  "options": {},
  "attributes": {
    "hero_section": {
      "type": "component",
      "repeatable": false,
      "component": "case-study.hero-section"
    },
    "company_overview_section": {
      "type": "component",
      "repeatable": false,
      "component": "case-study.company-overview"
    },
    "key_challenges_section": {
      "type": "component",
      "repeatable": false,
      "component": "case-study.key-challenges"
    },
    "solutions_section": {
      "type": "component",
      "repeatable": false,
      "component": "case-study.solutions"
    },
    "solutions_banner": {
      "type": "component",
      "repeatable": false,
      "component": "case-study.solutions-banner"
    },
    "impact_section": {
      "type": "component",
      "repeatable": false,
      "component": "case-study.impact"
    },
    "testimonial_section": {
      "type": "component",
      "repeatable": false,
      "component": "case-study.testimonial"
    },
    "cta_header_section": {
      "type": "component",
      "repeatable": false,
      "component": "case-study.cta-header-section"
    },
    "cta_section": {
      "type": "relation",
      "relation": "manyToMany",
      "target": "api::cta.cta",
      "inversedBy": "case_studies"
    },
    "references_section": {
      "type": "component",
      "repeatable": false,
      "component": "case-study.references"
    }
  }
}
