{
  "collectionName": "components_cs_detail_solutions",
  "info": {
    "displayName": "Solutions",
    "description": "Solutions section for case study pages"
  },
  "options": {},
  "attributes": {
    "enabled": {
      "type": "boolean",
      "default": true
    },
    "title": {
      "type": "string",
      "default": "OUR SOLUTIONS"
    },
    "content": {
    "type": "customField",
  "customField": "plugin::ckeditor5.CKEditor",
  "options": {
    "preset": "standard"
  }
    },
    "testimonial": {
      "type": "component",
      "repeatable": false,
      "component": "case-study.testimonial"
    },
    "additional_content": {
    "type": "customField",
  "customField": "plugin::ckeditor5.CKEditor",
  "options": {
    "preset": "standard"
  }
    },
    "additional_image": {
      "type": "media",
      "multiple": false,
      "required": false,
      "allowedTypes": [
        "images"
      ]
    },
    "spacing": {
      "type": "component",
      "repeatable": false,
      "component": "common.spacing"
    }
  }
}
