{
  "collectionName": "components_case_study_team_section_lists",
  "info": {
    "displayName": "team section list"
  },
  "options": {},
  "attributes": {
    "title": {
      "type": "string"
    },
    "video": {
      "type": "string"
    },
    "image": {
      "allowedTypes": [
        "images"
      ],
      "type": "media",
      "multiple": false
    },
    "logo": {
      "allowedTypes": [
        "images"
      ],
      "type": "media",
      "multiple": false
    }
  }
}
