{
  "collectionName": "components_cs_detail_testimonial",
  "info": {
    "displayName": "Testimonial",
    "description": "Testimonial component for case study pages"
  },
  "options": {},
  "attributes": {
    "enabled": {
      "type": "boolean",
      "default": true
    },
    "quote": {
      "type": "text",
      "required": true
    },
    "author_name": {
      "type": "string"
    },
    "author_designation": {
      "type": "string"
    },
    "author_image": {
      "type": "media",
      "multiple": false,
      "required": false,
      "allowedTypes": [
        "images"
      ]
    },
    "spacing": {
      "type": "component",
      "repeatable": false,
      "component": "common.spacing"
    }
  }
}
