{
  "collectionName": "components_about_bottom_sections",
  "info": {
    "displayName": "bottom section",
    "description": ""
  },
  "options": {},
  "attributes": {
    "title": {
      "type": "string"
    },
    "description": {
    "type": "customField",
  "customField": "plugin::ckeditor5.CKEditor",
  "options": {
    "preset": "standard"
  }
    },
    "image": {
      "type": "media",
      "multiple": false,
      "required": false,
      "allowedTypes": [
        "images"
      ]
    },
    "bottom_button": {
      "type": "component",
      "repeatable": false,
      "component": "common.button"
    }
  }
}
