{
  "collectionName": "components_about_members_sections",
  "info": {
    "displayName": "Members section",
    "description": ""
  },
  "options": {},
  "attributes": {
    "heading": {
      "type": "string"
    },
    "title": {
      "type": "string"
    },
    "description": {
      "type": "customField",
      "customField": "plugin::ckeditor5.CKEditor",
      "options": {
        "preset": "standard"
      }
    },
    "members": {
      "displayName": "member",
      "type": "component",
      "repeatable": true,
      "component": "about.member"
    },
    "show_section": {
      "type": "boolean",
      "default": true,
      "required": true
    }
  }
}