{
  "collectionName": "components_about_third_sections",
  "info": {
    "displayName": "third section",
    "description": ""
  },
  "options": {},
  "attributes": {
    "image": {
      "type": "media",
      "multiple": false,
      "required": false,
      "allowedTypes": [
        "images"
      ]
    },
    "title": {
      "type": "string"
    },
    "description": {
    "type": "customField",
  "customField": "plugin::ckeditor5.CKEditor",
  "options": {
    "preset": "standard"
  }
    },
    "isImageLeft": {
      "type": "boolean",
      "default": false
    }
  }
}
