{
  "collectionName": "components_about_vision_and_mission_lists",
  "info": {
    "displayName": "vision and mission list"
  },
  "options": {},
  "attributes": {
    "image": {
      "allowedTypes": [
        "images"
      ],
      "type": "media",
      "multiple": false
    },
    "title": {
      "type": "string"
    },
    "description": {
    "type": "customField",
  "customField": "plugin::ckeditor5.CKEditor",
  "options": {
    "preset": "standard"
  }
    }
  }
}
