{
  "kind": "singleType",
  "collectionName": "newsrooms",
  "info": {
    "singularName": "newsroom",
    "pluralName": "newsrooms",
    "displayName": "Newsroom",
    "description": ""
  },
  "options": {
    "draftAndPublish": true
  },
  "pluginOptions": {},
  "attributes": {
    "section1": {
      "displayName": "Section1",
      "type": "component",
      "repeatable": false,
      "component": "newsroom.section1"
    },
    "section2": {
      "displayName": "section2",
      "type": "component",
      "repeatable": false,
      "component": "newsroom.section2"
    },
    "section3": {
      "displayName": "section3",
      "type": "component",
      "repeatable": false,
      "component": "newsroom.section3"
    },
    "videos": {
      "displayName": "videos section",
      "type": "component",
      "repeatable": false,
      "component": "newsroom.videos-section"
    },
    "section4": {
      "displayName": "section4",
      "type": "component",
      "repeatable": false,
      "component": "newsroom.section4"
    },
    "brands": {
      "displayName": "brands",
      "type": "component",
      "repeatable": false,
      "component": "newsroom.brands"
    },
    "seo": {
      "type": "component",
      "repeatable": false,
      "component": "shared.seo"
    }
  }
}
