{
  "kind": "collectionType",
  "collectionName": "audio_books",
  "info": {
    "singularName": "audio-book",
    "pluralName": "audio-books",
    "displayName": "Audio Book",
    "description": "Individual audio book series entries"
  },
  "options": {
    "draftAndPublish": true
  },
  "pluginOptions": {},
  "attributes": {
    "title": {
      "type": "string",
      "required": true
    },
    "slug": {
      "type": "uid",
      "targetField": "title"
    },
    "templates": {
      "type": "dynamiczone",
      "components": [
        "case-study.audiobook-series-template"
      ]
    },
    "seo": {
      "type": "component",
      "repeatable": false,
      "component": "shared.seo"
    }
  }
}
