{
  "kind": "singleType",
  "collectionName": "privacy_policies",
  "info": {
    "singularName": "privacy-policy",
    "pluralName": "privacy-policies",
    "displayName": "Privacy Policy",
    "description": ""
  },
  "options": {
    "draftAndPublish": true
  },
  "pluginOptions": {},
  "attributes": {
    "title": {
      "type": "string"
    },
    "description": {
      "type": "customField",
      "options": {
        "preset": "toolbar"
      },
      "customField": "plugin::ckeditor5.CKEditor"
    },
    "seo": {
      "type": "component",
      "repeatable": false,
      "component": "shared.seo"
    },
    "schema": {
      "type": "json"
    }
  }
}
