{
  "kind": "singleType",
  "collectionName": "book_a_demos",
  "info": {
    "singularName": "book-a-demo",
    "pluralName": "book-a-demos",
    "displayName": "Book A Demo"
  },
  "options": {
    "draftAndPublish": true
  },
  "pluginOptions": {},
  "attributes": {
    "title": {
      "type": "string"
    },
    "description": {
      "type": "customField",
      "options": {
        "preset": "toolbar"
      },
      "customField": "plugin::ckeditor5.CKEditor"
    },
    "image": {
      "allowedTypes": [
        "images"
      ],
      "type": "media",
      "multiple": false
    },
    "form": {
      "type": "customField",
      "options": {
        "preset": "toolbar"
      },
      "customField": "plugin::ckeditor5.CKEditor"
    },
    "form_onload": {
      "type": "string"
    },
    "form_onsubmit": {
      "type": "string"
    },
    "brands_section": {
      "type": "component",
      "repeatable": false,
      "component": "case-study.brands"
    },
    "pay_offs_section": {
      "type": "component",
      "repeatable": false,
      "component": "case-study.pay-offs-section"
    },
    "seo": {
      "type": "component",
      "repeatable": false,
      "component": "shared.seo"
    }
  }
}
