{
  "kind": "singleType",
  "collectionName": "new_play_nows",
  "info": {
    "singularName": "new-play-now",
    "pluralName": "new-play-nows",
    "displayName": "New Play Now",
    "description": ""
  },
  "options": {
    "draftAndPublish": true
  },
  "pluginOptions": {},
  "attributes": {
    "Hero_Section": {
      "displayName": "Hero Section",
      "type": "component",
      "repeatable": false,
      "component": "new-play-now.hero-section"
    },
    "brands": {
      "type": "component",
      "repeatable": false,
      "component": "masterclass.template-4-brands"
    },
    "welcome": {
      "displayName": "Welcome",
      "type": "component",
      "repeatable": false,
      "component": "new-play-now.welcome"
    },
    "game_list_section": {
      "displayName": "Game List Section",
      "type": "component",
      "repeatable": false,
      "component": "new-play-now.game-list-section"
    },
    "feature_section": {
      "displayName": "Feature Section",
      "type": "component",
      "repeatable": false,
      "component": "new-play-now.feature-section"
    },
    "steps_section": {
      "displayName": "Steps Section",
      "type": "component",
      "repeatable": false,
      "component": "new-play-now.steps-section"
    },
    "faq": {
      "type": "component",
      "repeatable": false,
      "component": "masterclass.faq"
    },
    "bottom_section": {
      "displayName": "Bottom Section",
      "type": "component",
      "repeatable": false,
      "component": "new-play-now.bottom-section"
    },
    "seo": {
      "type": "component",
      "repeatable": false,
      "component": "shared.seo"
    },
    "schema": {
      "type": "json"
    },
    "form": {
      "displayName": "Form",
      "type": "component",
      "repeatable": false,
      "component": "new-play-now.form"
    }
  }
}
