{
  "kind": "collectionType",
  "collectionName": "blogs",
  "info": {
    "singularName": "blog",
    "pluralName": "blogs",
    "displayName": "Blog",
    "description": ""
  },
  "options": {
    "draftAndPublish": true
  },
  "pluginOptions": {},
  "attributes": {
    "title": {
      "type": "string"
    },
    "image": {
      "type": "media",
      "multiple": false,
      "required": false,
      "allowedTypes": [
        "images"
      ]
    },
    "categories": {
      "type": "relation",
      "relation": "manyToMany",
      "target": "api::category.category",
      "inversedBy": "blogs"
    },
    "slug": {
      "type": "uid",
      "targetField": "title"
    },
    "tags": {
      "type": "relation",
      "relation": "manyToMany",
      "target": "api::tag.tag",
      "inversedBy": "blogs"
    },
    "author": {
      "type": "relation",
      "relation": "manyToOne",
      "target": "api::author.author",
      "inversedBy": "blogs"
    },
    "blog_comments": {
      "type": "relation",
      "relation": "oneToMany",
      "target": "api::blog-comment.blog-comment",
      "mappedBy": "blog"
    },
    "description_type": {
      "type": "dynamiczone",
      "components": [
        "common.editor",
        "button.button-image-text",
        "button.button-text",
        "button.newsletter",
        "common.button",
        "blog.key-takeaways"
      ]
    },
    "seo": {
      "type": "component",
      "repeatable": false,
      "component": "shared.seo"
    },
    "ctas": {
      "type": "relation",
      "relation": "manyToMany",
      "target": "api::cta.cta",
      "mappedBy": "blogs"
    },
    "schema": {
      "type": "json"
    },
    "publish_date": {
      "type": "date"
    }
  }
}
