{
  "kind": "singleType",
  "collectionName": "release_note_pages",
  "info": {
    "singularName": "release-note-page",
    "pluralName": "release-note-pages",
    "displayName": "Release Note Page",
    "description": ""
  },
  "options": {
    "draftAndPublish": true
  },
  "pluginOptions": {},
  "attributes": {
    "title": {
      "type": "string"
    },
    "description": {
      "type": "customField",
      "options": {
        "preset": "standard"
      },
      "customField": "plugin::ckeditor5.CKEditor"
    },
    "seo": {
      "type": "component",
      "repeatable": false,
      "component": "shared.seo"
    },
    "ctas": {
      "type": "relation",
      "relation": "oneToMany",
      "target": "api::cta.cta"
    }
  }
}
