{
  "kind": "collectionType",
  "collectionName": "journals",
  "info": {
    "singularName": "journal",
    "pluralName": "journals",
    "displayName": "Journal",
    "description": "Individual journal series entries"
  },
  "options": {
    "draftAndPublish": true
  },
  "pluginOptions": {},
  "attributes": {
    "title": {
      "type": "string",
      "required": true
    },
    "slug": {
      "type": "uid",
      "targetField": "title"
    },
    "seo": {
      "type": "component",
      "repeatable": false,
      "component": "shared.seo"
    },
    "templates": {
      "type": "dynamiczone",
      "components": [
        "case-study.journal-series-template"
      ]
    }
  }
}
