{
  "kind": "collectionType",
  "collectionName": "ctas",
  "info": {
    "singularName": "cta",
    "pluralName": "ctas",
    "displayName": "cta",
    "description": ""
  },
  "options": {
    "draftAndPublish": true
  },
  "pluginOptions": {},
  "attributes": {
    "description_type": {
      "type": "dynamiczone",
      "components": [
        "button.button-image-text",
        "button.button-text",
        "button.newsletter",
        "common.app-download",
        "popup.popup",
        "common.button",
        "knowledge-base.3-cards-ctas",
        "case-study.case-study-cta",
        "case-study.aferr-cta"
      ]
    },
    "title": {
      "type": "string"
    },
    "use_cases": {
      "type": "relation",
      "relation": "manyToMany",
      "target": "api::use-case.use-case",
      "inversedBy": "ctas"
    },
    "blogs": {
      "type": "relation",
      "relation": "manyToMany",
      "target": "api::blog.blog",
      "inversedBy": "ctas"
    },
    "glossaries": {
      "type": "relation",
      "relation": "manyToMany",
      "target": "api::glossary.glossary",
      "mappedBy": "ctas"
    },
    "press_releases": {
      "type": "relation",
      "relation": "manyToMany",
      "target": "api::press-release.press-release",
      "mappedBy": "ctas"
    },
    "release_notes": {
      "type": "relation",
      "relation": "manyToMany",
      "target": "api::release-note.release-note",
      "mappedBy": "ctas"
    },
    "knowledge_bases": {
      "type": "relation",
      "relation": "manyToMany",
      "target": "api::knowledge-base.knowledge-base",
      "mappedBy": "ctas"
    },
    "case_studies": {
      "type": "relation",
      "relation": "manyToMany",
      "target": "api::case-study.case-study",
      "mappedBy": "cta_section"
    }
  }
}
