{
  "collectionName": "components_onboarding_screen1s",
  "info": {
    "displayName": "Screen1"
  },
  "options": {},
  "attributes": {
    "title": {
      "type": "string"
    },
    "button_text": {
      "type": "string"
    },
    "background_image": {
      "allowedTypes": [
        "images"
      ],
      "type": "media",
      "multiple": false
    },
    "persons_image": {
      "allowedTypes": [
        "images"
      ],
      "type": "media",
      "multiple": false
    },
    "mobile_background_image": {
      "allowedTypes": [
        "images"
      ],
      "type": "media",
      "multiple": false
    },
    "mobile_persons_image": {
      "allowedTypes": [
        "images"
      ],
      "type": "media",
      "multiple": false
    }
  }
}
