{
  "kind": "singleType",
  "collectionName": "contact_pages",
  "info": {
    "singularName": "contact-page",
    "pluralName": "contact-pages",
    "displayName": "Contact page",
    "description": ""
  },
  "options": {
    "draftAndPublish": true
  },
  "pluginOptions": {},
  "attributes": {
    "banner": {
      "displayName": "Banner",
      "type": "component",
      "repeatable": false,
      "component": "common.banner"
    },
    "second_section": {
      "type": "component",
      "repeatable": false,
      "component": "contact.second-section"
    },
    "thankYou": {
      "type": "component",
      "repeatable": false,
      "component": "common.thank-you"
    },
    "formFields": {
      "type": "component",
      "repeatable": true,
      "component": "common.form-field"
    },
    "seo": {
      "type": "component",
      "repeatable": false,
      "component": "shared.seo"
    },
    "schema": {
      "type": "json"
    },
    "zoho_form_type": {
      "type": "enumeration",
      "enum": [
        "button",
        "form"
      ],
      "default": "button"
    },
    "zoho_form_button": {
      "type": "component",
      "repeatable": false,
      "component": "common.button"
    },
    "form": {
      "type": "customField",
      "options": {
        "preset": "standard"
      },
      "customField": "plugin::ckeditor5.CKEditor"
    },
    "form_onload": {
      "type": "string"
    },
    "form_onsubmit": {
      "type": "string"
    }
  }
}
