{
  "collectionName": "components_masterclass_aferr_model_s",
  "info": {
    "displayName": "Aferr Model "
  },
  "options": {},
  "attributes": {
    "title": {
      "type": "string"
    },
    "description": {
    "type": "customField",
  "customField": "plugin::ckeditor5.CKEditor",
  "options": {
    "preset": "standard"
  }
    },
    "aferr_model_button": {
      "type": "component",
      "repeatable": false,
      "component": "common.button"
    },
    "image": {
      "allowedTypes": [
        "images"
      ],
      "type": "media",
      "multiple": false
    }
  }
}
