{
  "collectionName": "components_masterclass_case_studies",
  "info": {
    "displayName": "Case Study",
    "icon": "cog"
  },
  "options": {},
  "attributes": {
    "category": {
      "type": "string"
    },
    "study_title": {
      "type": "string"
    },
    "image": {
      "allowedTypes": [
        "images"
      ],
      "type": "media",
      "multiple": false
    },
    "description": {
    "type": "customField",
  "customField": "plugin::ckeditor5.CKEditor",
  "options": {
    "preset": "standard"
  }
    },
    "read_more":{
      "type": "component",
      "repeatable": false,
      "component": "common.button"
    }
  }
}
