{
  "collectionName": "components_masterclass_certifications",
  "info": {
    "displayName": "certifications"
  },
  "options": {},
  "attributes": {
    "title": {
    "type": "customField",
  "customField": "plugin::ckeditor5.CKEditor",
  "options": {
    "preset": "standard"
  }
    },
    "display": {
      "type": "boolean"
    },
    "cards": {
      "displayName": "certifications_card",
      "type": "component",
      "repeatable": true,
      "component": "masterclass.certifications-card"
    }
  }
}
