{
  "collectionName": "components_masterclass_consult_cards",
  "info": {
    "displayName": "consult cards",
    "icon": "earth"
  },
  "options": {},
  "attributes": {
    "card_title": {
      "type": "string"
    },
    "image": {
      "allowedTypes": [
        "images"
      ],
      "type": "media",
      "multiple": false
    },
    "description": {
    "type": "customField",
  "customField": "plugin::ckeditor5.CKEditor",
  "options": {
    "preset": "standard"
  }
    },
    "list": {
      "type": "component",
      "repeatable": true,
      "component": "masterclass.phase-list"
    },
    "sub_title": {
      "type": "string"
    }
  }
}
