{
  "collectionName": "components_masterclass_core_advantage",
  "info": {
    "displayName": "Core advantage",
    "icon": "command",
    "description": ""
  },
  "options": {},
  "attributes": {
    "title": {
      "type": "string"
    },
    "display": {
      "type": "boolean"
    },
    "image": {
      "type": "media",
      "multiple": false,
      "required": false,
      "allowedTypes": [
        "images"
      ]
    },
    "list": {
      "type": "component",
      "repeatable": true,
      "component": "masterclass.advantages"
    },
    "core_button": {
      "type": "component",
      "repeatable": false,
      "component": "common.button"
    }
  }
}
