{
  "collectionName": "components_masterclass_template5_contents",
  "info": {
    "displayName": "template5 content"
  },
  "options": {},
  "attributes": {
    "title": {
      "type": "string"
    },
    "image": {
      "allowedTypes": [
        "images",
        "files",
        "videos",
        "audios"
      ],
      "type": "media",
      "multiple": false
    },
    "description": {
    "type": "customField",
  "customField": "plugin::ckeditor5.CKEditor",
  "options": {
    "preset": "standard"
  }
    },
    "form": {
    "type": "customField",
  "customField": "plugin::ckeditor5.CKEditor",
  "options": {
    "preset": "standard"
  }
    },
    "form_onsubmit": {
      "type": "string"
    },
    "form_onload": {
      "type": "string"
    },
    "video": {
      "type": "string"
    },
    "video_description": {
    "type": "customField",
  "customField": "plugin::ckeditor5.CKEditor",
  "options": {
    "preset": "standard"
  }
    }
  }
}
