{
    "collectionName": "components_masterclass_t_4_animations",
    "info": {
      "displayName": "t-4-animations",
      "description": ""
    },
    "options": {},
    "attributes": {
      "bg_img_1": {
        "type": "media",
        "multiple": false,
        "required": false,
        "allowedTypes": [
          "images"
        ]
      },
      "bg_img_2": {
        "type": "media",
        "multiple": false,
        "required": false,
        "allowedTypes": [
          "images"
        ]
      },
      "evivve_logo": {
        "type": "media",
        "multiple": false,
        "required": false,
        "allowedTypes": [
          "images"
        ]
      },
      "fav_logo": {
        "type": "media",
        "multiple": false,
        "required": false,
        "allowedTypes": [
          "images"
        ]
      },
      "e_logo": {
        "type": "media",
        "multiple": false,
        "required": false,
        "allowedTypes": [
          "images",
          "files",
          "videos",
          "audios"
        ]
      },
      "masterclass_logo": {
        "type": "media",
        "multiple": false,
        "required": false,
        "allowedTypes": [
          "images"
        ]
      },
      "mobile_logo": {
        "type": "media",
        "multiple": false,
        "required": false,
        "allowedTypes": [
          "images"
        ]
      },
      "screen1": {
        "type": "component",
        "repeatable": false,
        "component": "masterclass.screen1"
      },
      "screen2": {
        "type": "component",
        "repeatable": false,
        "component": "masterclass.screen2"
      }
    }
  }
  