{
  "collectionName": "components_masterclass_template3_previews",
  "info": {
    "displayName": "template3 preview"
  },
  "options": {},
  "attributes": {
    "title": {
      "type": "string"
    },
    "preview_list": {
    "type": "customField",
  "customField": "plugin::ckeditor5.CKEditor",
  "options": {
    "preset": "standard"
  }
    },
    "preview_form": {
    "type": "customField",
  "customField": "plugin::ckeditor5.CKEditor",
  "options": {
    "preset": "standard"
  }
    },
    "form_onload": {
      "type": "string"
    },
    "form_onsubmit": {
      "type": "string"
    },
    "button_text": {
      "type": "string"
    },
    "image": {
      "allowedTypes": ["images"],
      "type": "media",
      "multiple": false
    }
  }
}
