{
  "collectionName": "components_masterclass_upcoming_programs",
  "info": {
    "displayName": "upcoming program",
    "description": ""
  },
  "options": {},
  "attributes": {
    "month": {
      "type": "string"
    },
    "level": {
      "type": "string"
    },
    "dates": {
      "type": "string"
    },
    "location": {
      "type": "string"
    },
    "time": {
      "type": "string"
    },
    "show_tagline": {
      "type": "boolean",
      "default": false
    },
    "tagline": {
      "type": "string"
    },
    "upcoming_program_button": {
      "type": "component",
      "repeatable": false,
      "component": "common.button"
    },
    "button_type": {
      "type": "enumeration",
      "enum": ["link", "popup"],
      "default": "link"
    },
    "overwrite_bgcolor": {
      "type": "boolean",
      "default": false
    },
    "bgcolor": {
      "type": "string"
    },
    "divider_color": {
      "type": "string"
    }
  }
}
