{
  "collectionName": "components_masterclass_what_you_get_lists",
  "info": {
    "displayName": "what you get list"
  },
  "options": {},
  "attributes": {
    "icon": {
      "allowedTypes": [
        "images"
      ],
      "type": "media",
      "multiple": false
    },
    "title": {
      "type": "string"
    },
    "description": {
    "type": "customField",
  "customField": "plugin::ckeditor5.CKEditor",
  "options": {
    "preset": "standard"
  }
    },
    "button": {
      "type": "component",
      "repeatable": false,
      "component": "common.button"
    }
  }
}
