{
  "collectionName": "components_popup_popups",
  "info": {
    "displayName": "Popup",
    "description": ""
  },
  "options": {},
  "attributes": {
    "title": {
      "type": "string"
    },
    "description": {
      "type": "text"
    },
    "image": {
      "type": "media",
      "multiple": false,
      "required": false,
      "allowedTypes": [
        "images"
      ]
    },
    "popup_button": {
      "type": "component",
      "repeatable": false,
      "component": "common.button"
    }
  }
}
