{
  "collectionName": "components_use_case_features",
  "info": {
    "displayName": "features"
  },
  "options": {},
  "attributes": {
    "title": {
      "type": "string"
    },
    "subTitle": {
      "type": "string"
    },
    "subTitle_highlight": {
      "type": "string"
    },
    "description": {
      "type": "customField",
      "options": {
        "preset": "toolbar"
      },
      "customField": "plugin::ckeditor5.CKEditor"
    },
    "image": {
      "allowedTypes": [
        "images"
      ],
      "type": "media",
      "multiple": false
    }
  }
}
