{
  "kind": "collectionType",
  "collectionName": "landing_pages",
  "info": {
    "singularName": "landing-page",
    "pluralName": "landing-pages",
    "displayName": "Landing Page",
    "description": ""
  },
  "options": {
    "draftAndPublish": true
  },
  "pluginOptions": {},
  "attributes": {
    "title": {
      "type": "string",
      "required": true
    },
    "slug": {
      "type": "uid",
      "targetField": "title",
      "required": true
    },
    "seo": {
      "type": "component",
      "repeatable": false,
      "component": "shared.seo"
    },
      "templates": {
        "type": "dynamiczone",
        "components": [
          "landing-page.masterclass",
          "landing-page.template-2",
          "landing-page.template3",
          "landing-page.template-4",
          "landing-page.template-5",
          "landing-page.live-session",
          "landing-page.adventure"
        ],
        "max": 1
      },
    "category": {
      "type": "string"
    }
  }
}
