{
  "kind": "collectionType",
  "collectionName": "release_notes",
  "info": {
    "singularName": "release-note",
    "pluralName": "release-notes",
    "displayName": "Release Note",
    "description": ""
  },
  "options": {
    "draftAndPublish": true
  },
  "pluginOptions": {},
  "attributes": {
    "title": {
      "type": "string"
    },
    "slug": {
      "type": "uid",
      "targetField": "title"
    },
    "description": {
      "type": "customField",
      "options": {
        "preset": "toolbar"
      },
      "customField": "plugin::ckeditor5.CKEditor"
    },
    "version": {
      "type": "string"
    },
    "sub_versions": {
      "type": "relation",
      "relation": "oneToMany",
      "target": "api::release-note.release-note",
      "mappedBy": "base_version"
    },
    "base_version": {
      "type": "relation",
      "relation": "manyToOne",
      "target": "api::release-note.release-note",
      "inversedBy": "sub_versions"
    },
    "seo": {
      "type": "component",
      "repeatable": false,
      "component": "shared.seo"
    },
    "ctas": {
      "type": "relation",
      "relation": "manyToMany",
      "target": "api::cta.cta",
      "inversedBy": "release_notes"
    },
    "base_version_order_number": {
      "type": "integer",
      "min": 0
    }
  }
}
