{
  "collectionName": "components_adventure_hero_sections",
  "info": {
    "displayName": "Hero Section"
  },
  "options": {},
  "attributes": {
    "title": {
      "type": "string"
    },
    "description": {
      "type": "customField",
      "options": {
        "preset": "toolbar"
      },
      "customField": "plugin::ckeditor5.CKEditor"
    },
    "adventure_hero_section_button": {
      "type": "component",
      "repeatable": false,
      "component": "common.button"
    },
    "image": {
      "allowedTypes": ["images"],
      "type": "media",
      "multiple": false
    },
    "mobile_image": {
      "allowedTypes": ["images"],
      "type": "media",
      "multiple": false
    }
  }
}
