{
  "collectionName": "components_home_how_it_works_steps",
  "info": {
    "displayName": "How It Works Step",
    "description": ""
  },
  "options": {},
  "attributes": {
    "step_info": {
      "type": "string"
    },
    "title": {
      "type": "string"
    },
    "description1": {
      "type": "customField",
      "options": {
        "preset": "toolbar"
      },
      "customField": "plugin::ckeditor5.CKEditor"
    },
    "image": {
      "type": "media",
      "multiple": false,
      "required": false,
      "allowedTypes": [
        "images"
      ]
    },
    "description2": {
      "type": "customField",
      "options": {
        "preset": "toolbar"
      },
      "customField": "plugin::ckeditor5.CKEditor"
    },
    "textanimate": {
      "displayName": "How It Works Step Animate Text",
      "type": "component",
      "repeatable": true,
      "component": "home.how-it-works-step-animate-text"
    },
    "points": {
      "displayName": "How It Works Step Points",
      "type": "component",
      "repeatable": true,
      "component": "home.how-it-works-step-points"
    },
    "tooltip_text": {
      "type": "text"
    },
    "how_it_work_buttons": {
      "type": "component",
      "repeatable": true,
      "component": "common.button"
    }
  }
}
