{
  "kind": "collectionType",
  "collectionName": "testimonials",
  "info": {
    "singularName": "testimonial",
    "pluralName": "testimonials",
    "displayName": "Testimonial",
    "description": ""
  },
  "options": {
    "draftAndPublish": true
  },
  "pluginOptions": {},
  "attributes": {
    "title": {
      "type": "string"
    },
    "description": {
      "type": "customField",
      "options": {
        "preset": "toolbar"
      },
      "customField": "plugin::ckeditor5.CKEditor"
    },
    "name": {
      "type": "string"
    },
    "designation": {
      "type": "string"
    },
    "image": {
      "type": "media",
      "multiple": false,
      "required": false,
      "allowedTypes": [
        "images"
      ]
    },
    "linkedin": {
      "type": "string"
    }
  }
}
