{
  "kind": "singleType",
  "collectionName": "play_nows",
  "info": {
    "singularName": "play-now",
    "pluralName": "play-nows",
    "displayName": "Play Now",
    "description": ""
  },
  "options": {
    "draftAndPublish": true
  },
  "pluginOptions": {},
  "attributes": {
    "title": {
      "type": "string"
    },
    "description": {
      "type": "text"
    },
    "seo": {
      "type": "component",
      "repeatable": false,
      "component": "shared.seo"
    },
    "embed_code": {
      "type": "text"
    },
    "schema": {
      "type": "json"
    },
    "play_now_button": {
      "type": "component",
      "repeatable": false,
      "component": "common.button"
    },
    "zoho_form_type": {
      "type": "enumeration",
      "enum": [
        "button",
        "form"
      ],
      "default": "button"
    },
    "form": {
      "type": "customField",
      "options": {
        "preset": "toolbar"
      },
      "customField": "plugin::ckeditor5.CKEditor"
    },
    "form_onload": {
      "type": "string"
    },
    "form_onsubmit": {
      "type": "string"
    }
  }
}
