{
  "collectionName": "components_pricing_brand_sections",
  "info": {
    "displayName": "Brand section",
    "description": ""
  },
  "options": {},
  "attributes": {
    "title": {
      "type": "string"
    },
    "description": {
      "type": "text"
    },
    "title2": {
      "type": "string"
    },
    "title_icon": {
      "type": "string"
    },
    "brands": {
      "type": "relation",
      "relation": "oneToMany",
      "target": "api::logo.logo"
    },
    "brands2": {
      "type": "relation",
      "relation": "oneToMany",
      "target": "api::logo.logo"
    },
    "brands3": {
      "type": "relation",
      "relation": "oneToMany",
      "target": "api::logo.logo"
    },
    "pricing_brands_button": {
      "type": "component",
      "repeatable": false,
      "component": "common.button"
    }
  }
}
