{
  "collectionName": "components_pricing_faq_sections",
  "info": {
    "displayName": "faq section",
    "description": ""
  },
  "options": {},
  "attributes": {
    "title": {
      "type": "string"
    },
    "faq": {
      "displayName": "Faq",
      "type": "component",
      "repeatable": true,
      "component": "pricing.faq"
    },
    "heading_text": {
      "type": "string"
    },
    "link_text": {
      "type": "string"
    },
    "link_target": {
      "type": "enumeration",
      "enum": [
        "_self",
        "_blank"
      ]
    },
    "link_url": {
      "type": "string"
    }
  }
}
