{
  "collectionName": "components_pricing_plans",
  "info": {
    "displayName": "Plan",
    "description": ""
  },
  "options": {},
  "attributes": {
    "plan_name": {
      "type": "string"
    },
    "description": {
      "type": "string"
    },
    "most_popular": {
      "type": "boolean",
      "default": false
    },
    "plan_features": {
      "displayName": "Plan features",
      "type": "component",
      "repeatable": true,
      "component": "pricing.plan-features"
    },
    "price": {
      "displayName": "price",
      "type": "component",
      "repeatable": true,
      "component": "pricing.price"
    },
    "price_text": {
      "type": "string"
    },
    "pricing_button": {
      "type": "component",
      "repeatable": false,
      "component": "common.button"
    },
    "isYearly": {
      "type": "boolean",
      "default": true,
      "required": true
    }
  }
}
