{
  "kind": "collectionType",
  "collectionName": "authors",
  "info": {
    "singularName": "author",
    "pluralName": "authors",
    "displayName": "Author",
    "description": ""
  },
  "options": {
    "draftAndPublish": true
  },
  "pluginOptions": {},
  "attributes": {
    "name": {
      "type": "string"
    },
    "location": {
      "type": "string"
    },
    "image": {
      "type": "media",
      "multiple": false,
      "required": false,
      "allowedTypes": [
        "images"
      ]
    },
    "skill": {
      "type": "string"
    },
    "bio": {
      "type": "customField",
      "options": {
        "preset": "standard"
      },
      "customField": "plugin::ckeditor5.CKEditor"
    },
    "social_links": {
      "displayName": "Social Link",
      "type": "component",
      "repeatable": true,
      "component": "author.social-link"
    },
    "blogs": {
      "type": "relation",
      "relation": "oneToMany",
      "target": "api::blog.blog",
      "mappedBy": "author"
    },
    "slug": {
      "type": "uid",
      "targetField": "name"
    },
    "newsletter_section": {
      "type": "component",
      "repeatable": false,
      "component": "button.newsletter"
    },
    "seo": {
      "type": "component",
      "repeatable": false,
      "component": "shared.seo"
    },
    "schema": {
      "type": "json"
    },
    "glossaries": {
      "type": "relation",
      "relation": "oneToMany",
      "target": "api::glossary.glossary",
      "mappedBy": "author"
    }
  }
}
