{
  "collectionName": "components_live_session_hero_banners",
  "info": {
    "displayName": "hero-banner",
    "icon": "arrowUp",
    "description": ""
  },
  "options": {},
  "attributes": {
    "title": {
      "type": "text"
    },
    "description": {
    "type": "customField",
  "customField": "plugin::ckeditor5.CKEditor",
  "options": {
    "preset": "standard"
  }
    },
    "images": {
      "displayName": "swiper-images",
      "type": "component",
      "repeatable": true,
      "component": "live-session.swiper-images"
    },
    "banner_image": {
      "type": "media",
      "multiple": false,
      "required": true,
      "allowedTypes": [
        "images"
      ]
    },
    "button": {
      "type": "component",
      "repeatable": false,
      "component": "common.button"
    },
    "highlighted_title": {
      "type": "string"
    }
  }
}
