{
  "collectionName": "components_live_session_live_cards",
  "info": {
    "displayName": "live_card",
    "icon": "arrowRight"
  },
  "options": {},
  "attributes": {
    "title": {
      "type": "text"
    },
    "description": {
    "type": "customField",
  "customField": "plugin::ckeditor5.CKEditor",
  "options": {
    "preset": "standard"
  }
    },
    "icon": {
      "allowedTypes": [
        "images"
      ],
      "type": "media",
      "multiple": false,
      "required": true
    }
  }
}
