{
  "collectionName": "components_new_pricing_how_credits_works",
  "info": {
    "displayName": "how credits work"
  },
  "options": {},
  "attributes": {
    "title": {
      "type": "string"
    },
    "description": {
      "type": "text"
    },
    "how_credits_work_button": {
      "type": "component",
      "repeatable": false,
      "component": "common.button"
    },
    "desktop_image": {
      "allowedTypes": [
        "images"
      ],
      "type": "media",
      "multiple": false
    },
    "mobile_image": {
      "allowedTypes": [
        "images"
      ],
      "type": "media",
      "multiple": false
    }
  }
}
