{
  "kind": "singleType",
  "collectionName": "knowledge_base_pages",
  "info": {
    "singularName": "knowledge-base-page",
    "pluralName": "knowledge-base-pages",
    "displayName": "Knowledge Base Page",
    "description": ""
  },
  "options": {
    "draftAndPublish": true
  },
  "pluginOptions": {},
  "attributes": {
    "title": {
      "type": "string"
    },
    "seo": {
      "type": "component",
      "repeatable": false,
      "component": "shared.seo"
    },
    "ctas": {
      "type": "relation",
      "relation": "oneToMany",
      "target": "api::cta.cta"
    },
    "sub_title": {
      "type": "string"
    },
    "featured_faq": {
      "displayName": "Featured FAQ",
      "type": "component",
      "repeatable": false,
      "component": "knowledge-base.featured-faq"
    },
    "knowledge_base_topic_title": {
      "type": "string"
    },
    "knowledge_bases": {
      "type": "relation",
      "relation": "oneToMany",
      "target": "api::knowledge-base.knowledge-base"
    }
  }
}
