{
  "collectionName": "components_onboarding_screen3s",
  "info": {
    "displayName": "Screen3",
    "description": ""
  },
  "options": {},
  "attributes": {
    "background_image": {
      "allowedTypes": [
        "images"
      ],
      "type": "media",
      "multiple": false
    },
    "mobile_background_image": {
      "allowedTypes": [
        "images"
      ],
      "type": "media",
      "multiple": false
    },
    "title": {
      "type": "string"
    },
    "description": {
    "type": "customField",
  "customField": "plugin::ckeditor5.CKEditor",
  "options": {
    "preset": "standard"
  }
    },
    "button1_text": {
      "type": "string"
    },
    "button2_text": {
      "type": "string"
    }
  }
}
