{
  "kind": "collectionType",
  "collectionName": "press_releases",
  "info": {
    "singularName": "press-release",
    "pluralName": "press-releases",
    "displayName": "Press Release",
    "description": ""
  },
  "options": {
    "draftAndPublish": true
  },
  "pluginOptions": {},
  "attributes": {
    "title": {
      "type": "string"
    },
    "date": {
      "type": "date"
    },
    "description": {
      "type": "customField",
      "options": {
        "preset": "toolbar"
      },
      "customField": "plugin::ckeditor5.CKEditor"
    },
    "seo": {
      "type": "component",
      "repeatable": false,
      "component": "shared.seo"
    },
    "slug": {
      "type": "uid",
      "targetField": "title",
      "required": true
    },
    "ctas": {
      "type": "relation",
      "relation": "manyToMany",
      "target": "api::cta.cta",
      "inversedBy": "press_releases"
    }
  }
}
