{
  "kind": "collectionType",
  "collectionName": "thank_you_pages",
  "info": {
    "singularName": "thank-you-page",
    "pluralName": "thank-you-pages",
    "displayName": "thank-you-page",
    "description": ""
  },
  "options": {
    "draftAndPublish": true
  },
  "pluginOptions": {},
  "attributes": {
    "heading": {
      "type": "string"
    },
    "description": {
      "type": "text"
    },
    "image": {
      "type": "media",
      "multiple": false,
      "required": false,
      "allowedTypes": [
        "images",
        "videos"
      ]
    },
    "slug": {
      "type": "uid",
      "targetField": "heading"
    },
    "seo": {
      "type": "component",
      "repeatable": false,
      "component": "shared.seo"
    },
    "schema": {
      "type": "json"
    },
    "thankyou_button": {
      "type": "component",
      "repeatable": false,
      "component": "common.button"
    },
    "ckeditor_description": {
      "type": "customField",
      "options": {
        "preset": "toolbar"
      },
      "customField": "plugin::ckeditor5.CKEditor"
    },
    "button_type": {
      "type": "enumeration",
      "enum": [
        "link",
        "download"
      ],
      "default": "link"
    },
    "download_link": {
      "type": "string"
    }
  }
}
