{
  "collectionName": "components_new_play_now_bottom_sections",
  "info": {
    "displayName": "Bottom Section",
    "description": ""
  },
  "options": {},
  "attributes": {
    "title": {
      "type": "string"
    },
    "title_highlight": {
      "type": "string"
    },
    "description": {
    "type": "customField",
  "customField": "plugin::ckeditor5.CKEditor",
  "options": {
    "preset": "standard"
  }
    },
    "new_play_now_bottom_section_button": {
      "type": "component",
      "repeatable": false,
      "component": "common.button"
    },
    "button_type": {
      "type": "enumeration",
      "enum": [
        "form",
        "link"
      ],
      "default": "link"
    }
  }
}
