{
  "collectionName": "components_new_play_now_game_list_cards",
  "info": {
    "displayName": "Game List Card",
    "description": ""
  },
  "options": {},
  "attributes": {
    "description": {
      "type": "text"
    },
    "image": {
      "type": "media",
      "multiple": false,
      "required": false,
      "allowedTypes": [
        "images"
      ]
    },
    "bg_design": {
      "type": "media",
      "multiple": false,
      "required": false,
      "allowedTypes": [
        "images"
      ]
    },
    "bg_linear_color": {
      "type": "string"
    },
    "text_shadow_color": {
      "type": "string"
    },
    "title": {
    "type": "customField",
  "customField": "plugin::ckeditor5.CKEditor",
  "options": {
    "preset": "standard"
  }
    }
  }
}
