{
  "collectionName": "components_use_case_banners",
  "info": {
    "displayName": "banner",
    "description": ""
  },
  "options": {},
  "attributes": {
    "title": {
      "type": "string"
    },
    "image": {
      "type": "media",
      "multiple": false,
      "required": false,
      "allowedTypes": [
        "images"
      ]
    },
    "description": {
    "type": "customField",
  "customField": "plugin::ckeditor5.CKEditor",
  "options": {
    "preset": "standard"
  }
    },
    "mobile_image": {
      "allowedTypes": [
        "images"
      ],
      "type": "media",
      "multiple": false
    }
  }
}
