{
  "kind": "collectionType",
  "collectionName": "science_labs",
  "info": {
    "singularName": "science-lab",
    "pluralName": "science-labs",
    "displayName": "Science Lab",
    "description": ""
  },
  "options": {
    "draftAndPublish": true
  },
  "pluginOptions": {},
  "attributes": {
    "title": {
      "type": "string"
    },
    "slug": {
      "type": "uid",
      "targetField": "title"
    },
    "hero_section": {
      "type": "component",
      "repeatable": false,
      "component": "labs.hero-section"
    },
    "stats_section": {
      "type": "component",
      "repeatable": false,
      "component": "labs.stats-section"
    },
    "models_and_frameworks_section": {
      "type": "component",
      "repeatable": false,
      "component": "labs.models-and-frameworks-section"
    },
    "inside_labs_section": {
      "type": "component",
      "repeatable": false,
      "component": "labs.inside-labs-section"
    },
    "neuro_science": {
      "type": "component",
      "repeatable": false,
      "component": "labs.neuro-science"
    },
    "evidence_based_strategy": {
      "type": "component",
      "repeatable": false,
      "component": "labs.evidence-based-strategy"
    },
    "science_backed_approach": {
      "type": "component",
      "repeatable": false,
      "component": "labs.science-backed-approach"
    },
    "approach_section": {
      "type": "component",
      "repeatable": false,
      "component": "labs.approach-section"
    },
    "faq": {
      "type": "component",
      "repeatable": false,
      "component": "labs.faq"
    },
    "cta": {
      "type": "component",
      "repeatable": false,
      "component": "labs.cta"
    },
    "seo": {
      "type": "component",
      "repeatable": false,
      "component": "shared.seo"
    },
    "form": {
      "type": "component",
      "repeatable": false,
      "component": "new-play-now.form"
    }
  }
}
