{
  "collectionName": "components_landing_page_live_sessions",
  "info": {
    "displayName": "Live-Session"
  },
  "options": {},
  "attributes": {
    "Banner": {
      "displayName": "hero-banner",
      "type": "component",
      "repeatable": false,
      "component": "live-session.hero-banner"
    },
    "brands": {
      "type": "component",
      "repeatable": false,
      "component": "masterclass.template-4-brands"
    },
    "experience": {
      "displayName": "experience-section",
      "type": "component",
      "repeatable": false,
      "component": "live-session.experience-section"
    },
    "join": {
      "displayName": "join-section",
      "type": "component",
      "repeatable": false,
      "component": "live-session.join-section"
    },
    "stripe_image": {
      "allowedTypes": [
        "images"
      ],
      "type": "media",
      "multiple": false,
      "required": true
    },
    "adventure": {
      "displayName": "adventure-section",
      "type": "component",
      "repeatable": false,
      "component": "live-session.adventure-section"
    },
    "join_stripe": {
      "displayName": "join-stripe",
      "type": "component",
      "repeatable": false,
      "component": "live-session.join-stripe"
    },
    "testimonial_section": {
      "type": "component",
      "repeatable": false,
      "component": "home.testimonial"
    },
    "faq": {
        "type": "component",
        "repeatable": false,
        "component": "masterclass.faq"
      },
      "form": {
        "type": "component",
        "repeatable": false,
        "component": "live-session.form"
      }
  }
}