{
  "collectionName": "components_landing_page_template_2s",
  "info": {
    "displayName": "template-2"
  },
  "options": {},
  "attributes": {
    "animations": {
      "type": "component",
      "repeatable": false,
      "component": "masterclass.template-2-animations"
    },
    "show_custom_navbar": {
      "type": "boolean",
      "default": false
    },
    "show_intro_animation": {
      "type": "boolean",
      "default": true
    },
    "custom_navbar": {
      "type": "component",
      "repeatable": false,
      "component": "masterclass.custom-navbar"
    },
    "agenda": {
      "type": "component",
      "repeatable": false,
      "component": "masterclass.join"
    },
    "content": {
      "type": "component",
      "repeatable": false,
      "component": "masterclass.weeks-session"
    },
    "hosts": {
      "type": "component",
      "repeatable": false,
      "component": "masterclass.industry-experts"
    },
    "count": {
      "type": "component",
      "repeatable": true,
      "component": "masterclass.count"
    },
    "brands": {
      "type": "component",
      "repeatable": false,
      "component": "masterclass.brands"
    },
    "testimonials": {
      "type": "component",
      "repeatable": false,
      "component": "masterclass.certifications"
    },
    "get_certified_now": {
      "type": "component",
      "repeatable": false,
      "component": "masterclass.get-certified-now"
    },
    "register": {
      "type": "component",
      "repeatable": false,
      "component": "masterclass.register"
    },
    "new_register": {
      "type": "component",
      "repeatable": false,
      "component": "masterclass.new-register"
    },
    "faq": {
      "type": "component",
      "repeatable": false,
      "component": "masterclass.faq"
    }
  }
}
