{
  "collectionName": "components_landing_page_template_5s",
  "info": {
    "displayName": "template-5"
  },
  "options": {},
  "attributes": {
    "content": {
      "type": "component",
      "repeatable": false,
      "component": "masterclass.template5-content"
    },
    "pay_offs_section": {
      "type": "component",
      "repeatable": false,
      "component": "case-study.pay-offs-section"
    },
    "get_started": {
      "type": "component",
      "repeatable": false,
      "component": "case-study.get-started"
    }
  }
}
