{
  "collectionName": "components_knowledge_base_3_card_cta_items",
  "info": {
    "displayName": "3 Card Cta Item",
    "description": ""
  },
  "options": {},
  "attributes": {
    "title": {
      "type": "string"
    },
    "description": {
    "type": "customField",
  "customField": "plugin::ckeditor5.CKEditor",
  "options": {
    "preset": "standard"
  }
    },
    "image": {
      "type": "media",
      "multiple": false,
      "required": false,
      "allowedTypes": [
        "images"
      ]
    },
    "link_title": {
      "type": "string"
    },
    "link_href": {
      "type": "text"
    },
    "link_target": {
      "type": "enumeration",
      "enum": [
        "_blank",
        "_self"
      ]
    }
  }
}
