{
  "collectionName": "components_button_button_image_texts",
  "info": {
    "displayName": "ButtonImageText",
    "description": ""
  },
  "options": {},
  "attributes": {
    "image": {
      "type": "media",
      "multiple": false,
      "required": false,
      "allowedTypes": [
        "images"
      ]
    },
    "title": {
      "type": "string"
    },
    "description": {
      "type": "customField",
      "options": {
        "preset": "toolbar"
      },
      "customField": "plugin::ckeditor5.CKEditor"
    },
    "button_image_text_button": {
      "type": "component",
      "repeatable": false,
      "component": "common.button"
    }
  }
}
