{
  "collectionName": "components_template_2_screen_3s",
  "info": {
    "displayName": "screen 3"
  },
  "options": {},
  "attributes": {
    "title": {
      "type": "customField",
      "options": {
        "preset": "toolbar"
      },
      "customField": "plugin::ckeditor5.CKEditor"
    },
    "description": {
      "type": "customField",
      "options": {
        "preset": "toolbar"
      },
      "customField": "plugin::ckeditor5.CKEditor"
    },
    "button_text": {
      "type": "string"
    },
    "video": {
      "allowedTypes": ["videos"],
      "type": "media",
      "multiple": false
    },
    "video_thumbnail": {
      "allowedTypes": ["images"],
      "type": "media",
      "multiple": false
    }
  }
}
