{
  "collectionName": "components_shared_meta_socials",
  "info": {
    "displayName": "metaSocial",
    "icon": "project-diagram",
    "description": ""
  },
  "options": {},
  "attributes": {
    "socialNetwork": {
      "type": "enumeration",
      "enum": [
        "Facebook",
        "Twitter",
        "LinkedIn"
      ],
      "required": true
    },
    "title": {
      "type": "string",
      "required": true,
      "maxLength": 60
    },
    "description": {
      "type": "string",
      "maxLength": 65,
      "required": true
    },
    "image": {
      "type": "media",
      "multiple": false,
      "required": false,
      "allowedTypes": [
        "images",
        "files",
        "videos"
      ]
    }
  }
}
