{
  "collectionName": "components_careers_why_choose_uses",
  "info": {
    "displayName": "Why Choose us",
    "description": ""
  },
  "options": {},
  "attributes": {
    "sectionTitle": {
      "type": "string"
    },
    "title": {
    "type": "customField",
  "customField": "plugin::ckeditor5.CKEditor",
  "options": {
    "preset": "standard"
  }
    },
    "description": {
      "type": "text"
    },
    "project_list": {
      "displayName": "Project list",
      "type": "component",
      "repeatable": true,
      "component": "careers.project-list"
    }
  }
}
